Type,Year,Spot,Start,Max,End
X5.4, 2012-03-07, 1429, 00:02:00, 00:24:00,
X4.9, 2014-02-25, 1990, 00:39:00, 00:49:00,
X3.3, 2013-11-05, 1890, 22:07:00, 22:12:00,
X3.2, 2013-05-14, 1748, 00:00:00, 01:11:00,
X3.1, 2014-10-24, 2192, 21:07:00, 21:41:00,
X2.8, 2013-05-13, 1748, 15:48:00, 16:05:00,
X2.7, 2015-05-05, 2339, 22:05:00, 22:11:00,
X2.3, 2013-10-29, 1875, 21:42:00, 21:54:00,
X2.2, 2015-03-11, 2297, 16:11:00, 16:22:00,
X2.2, 2014-06-10, 2087, 11:36:00, 11:42:00,
X2.1, 2013-10-25, 1882, 14:51:00, 15:03:00,
X2.0, 2014-10-27, 2192, 14:12:00, 14:47:00,
X2.0, 2014-10-26, 2192, 10:04:00, 10:56:00,
X1.8, 2014-12-20, 2242, 00:11:00, 00:28:00,
X1.8, 2012-10-23, 1598, 03:13:00, 03:17:00,
X1.7, 2013-10-25, 1882, 07:53:00, 08:01:00,
X1.7, 2013-05-13, 1748, 01:53:00, 02:17:00,
X1.7, 2012-01-27, 1402, 17:37:00, 18:37:00,
X1.6, 2014-11-07, 2205, 16:53:00, 17:26:00,
X1.6, 2014-10-22, 2192, 14:02:00, 14:28:00,
X1.6, 2014-09-10, 2158, 17:21:00, 17:45:00,
X1.5, 2014-06-10, 2087, 12:36:00, 12:52:00,
X1.4, 2012-07-12, 1520, 15:37:00, 16:49:00,
X1.3, 2014-04-25, 2035, 00:17:00, 00:27:00,
X1.3, 2012-03-07, 1430, 01:05:00, 01:14:00,
X1.2, 2014-01-07, 1944, 18:04:00, 18:32:00,
X1.2, 2013-05-15, 1748, 01:25:00, 01:48:00,
X1.1, 2014-10-19, 2192, 04:17:00, 05:03:00,
X1.1, 2013-11-10, 1890, 05:08:00, 05:14:00,
X1.1, 2013-11-08, 1890, 04:20:00, 04:26:00,
X1.1, 2012-07-06, 1515, 23:01:00, 23:08:00,
X1.1, 2012-03-05, 1429, 02:30:00, 04:09:00,
X1.0, 2014-10-25, 2192, 16:55:00, 17:08:00,
X1.0, 2014-06-11, 2087, 08:59:00, 09:06:00,
X1.0, 2014-03-29, 2017, 17:35:00, 17:48:00,
X1.0, 2013-11-19, 1893, 10:14:00, 10:26:00,
X1.0, 2013-10-28, 1875, 01:41:00, 02:03:00,
M9.9, 2014-01-01, 1936, 18:40:00, 18:52:00,
M9.3, 2014-03-12, 1996, 22:28:00, 22:34:00,
M9.3, 2013-10-24, 1877, 00:21:00, 00:30:00,
M9.2, 2015-03-07, 2297, 21:45:00, 22:22:00,
M9.0, 2012-10-20, 1598, 18:05:00, 18:14:00,
M8.7, 2014-12-17, 2242, 04:25:00, 04:51:00,
M8.7, 2014-10-22, 2192, 01:16:00, 01:59:00,
M8.7, 2012-01-23, 1402, 03:38:00, 03:59:00,
M8.4, 2012-03-10, 1429, 17:15:00, 17:44:00,
M8.2, 2015-03-03, 2290, 01:25:00, 01:35:00,
M7.9, 2015-06-25, 2371, 08:02:00, 08:16:00,
M7.9, 2014-11-05, 2205, 09:26:00, 09:47:00,
M7.9, 2012-03-13, 1429, 17:12:00, 17:41:00,
M7.7, 2012-07-19, 1520, 04:17:00, 05:58:00,
M7.6, 2016-07-23, 2567, 05:00:00, 05:16:00,
M7.6, 2015-09-28, 2422, 14:53:00, 14:58:00,
M7.3, 2014-10-02, 2173, 18:49:00, 19:01:00,
M7.3, 2014-04-18, 2036, 12:31:00, 13:03:00,
M7.2, 2014-01-07, 1944, 10:07:00, 10:13:00,
M7.1, 2014-10-27, 2192, 00:06:00, 00:34:00,
M6.9, 2014-12-18, 2241, 21:41:00, 21:58:00,
M6.9, 2012-07-08, 1515, 16:23:00, 16:32:00,
M6.7, 2016-04-18, 2529, 00:14:00, 00:29:00,
M6.7, 2014-10-27, 2192, 09:59:00, 10:09:00,
M6.6, 2015-06-22, 2371, 17:39:00, 18:23:00,
M6.6, 2014-10-28, 2192, 03:23:00, 03:32:00,
M6.6, 2014-01-30, 1967, 15:48:00, 16:11:00,
M6.5, 2014-11-03, 2205, 22:15:00, 22:40:00,
M6.5, 2014-07-08, 2113, 16:06:00, 16:20:00,
M6.5, 2014-04-02, 2027, 13:18:00, 14:05:00,
M6.5, 2013-04-11, 1719, 06:55:00, 07:16:00,
M6.4, 2013-12-31, 1936, 21:45:00, 21:58:00,
M6.3, 2013-11-01, 1884, 19:46:00, 19:53:00,
M6.3, 2012-03-09, 1429, 03:22:00, 03:53:00,
M6.1, 2014-12-04, 2222, 18:05:00, 18:25:00,
M6.1, 2012-07-28, 1532, 20:44:00, 20:56:00,
M6.1, 2012-07-05, 1515, 11:39:00, 11:44:00,
M6.0, 2012-11-13, 1613, 01:58:00, 02:04:00,
M5.9, 2014-08-24, 2151, 12:00:00, 12:17:00,
M5.9, 2013-06-07, 1762, 22:11:00, 22:49:00,
M5.8, 2017-04-03, 2644, 14:19:00, 14:29:00,
M5.8, 2015-03-09, 2297, 23:29:00, 23:53:00,
M5.7, 2017-04-02, 2644, 20:26:00, 20:33:00,
M5.7, 2014-11-16, 2209, 17:35:00, 17:48:00,
M5.7, 2013-05-03, 1739, 17:24:00, 17:32:00,
M5.7, 2012-05-10, 1476, 04:11:00, 04:18:00,
M5.6, 2015-08-24, 2403, 07:26:00, 07:33:00,
M5.6, 2015-01-13, 2257, 04:13:00, 04:24:00,
M5.6, 2012-07-02, 1515, 10:43:00, 10:52:00,
M5.5, 2016-07-23, 2567, 05:27:00, 05:31:00,
M5.5, 2015-10-02, 2422, 00:06:00, 00:13:00,
M5.5, 2012-08-18, 1548, 00:24:00, 01:02:00,
M5.4, 2014-11-06, 2205, 03:32:00, 03:46:00,
M5.3, 2017-04-02, 2644, 07:50:00, 08:02:00,
M5.3, 2014-05-08, 2056, 09:59:00, 10:07:00,
M5.3, 2012-07-04, 1515, 09:47:00, 09:55:00,
M5.2, 2014-02-04, 1967, 03:57:00, 04:00:00,
M5.1, 2015-03-10, 2297, 03:19:00, 03:24:00,
M5.1, 2014-09-28, 2173, 02:39:00, 02:58:00,
M5.1, 2013-10-28, 1875, 04:32:00, 04:41:00,
M5.1, 2012-05-17, 1476, 01:25:00, 01:47:00,
M5.0, 2016-07-23, 2567, 01:46:00, 02:11:00,
M5.0, 2013-11-03, 1884, 05:16:00, 05:22:00,
M5.0, 2013-05-22, 1745, 13:08:00, 13:32:00,
M5.0, 2012-10-22, 1598, 18:38:00, 18:51:00,
M4.9, 2015-01-13, 2257, 04:46:00, 04:58:00,
M4.9, 2014-01-28, 1967, 19:00:00, 19:40:00,
M4.9, 2014-01-27, 1967, 22:05:00, 22:10:00,
M4.7, 2015-12-23, 2473, 00:23:00, 00:40:00,
M4.7, 2012-07-05, 1515, 03:25:00, 03:36:00,
M4.7, 2012-05-09, 1476, 12:21:00, 12:32:00,
M4.6, 2012-07-04, 1515, 22:03:00, 22:09:00,
M4.5, 2015-10-01, 2422, 13:03:00, 13:10:00,
M4.5, 2014-10-20, 2192, 16:00:00, 16:37:00,
M4.5, 2014-09-08, 2158, 23:12:00, 00:29:00,
M4.4, 2017-04-01, 2644, 21:35:00, 21:48:00,
M4.4, 2014-02-02, 1967, 09:24:00, 09:31:00,
M4.4, 2013-10-28, 1882, 15:07:00, 15:15:00,
M4.3, 2014-10-16, 2192, 12:58:00, 13:03:00,
M4.2, 2015-03-12, 2297, 13:50:00, 14:08:00,
M4.2, 2014-10-26, 2192, 18:07:00, 18:15:00,
M4.2, 2013-10-22, 1875, 21:15:00, 21:20:00,
M4.1, 2015-03-02, 2290, 19:21:00, 19:31:00,
M4.1, 2012-05-09, 1476, 21:01:00, 21:05:00,
M4.0, 2015-04-21, 2322, 15:24:00, 15:45:00,
M4.0, 2014-10-24, 2192, 07:37:00, 07:48:00,
M4.0, 2014-01-04, 1944, 19:05:00, 19:46:00,
M3.9, 2015-11-09, 2449, 12:49:00, 13:12:00,
M3.9, 2014-08-25, 2146, 20:06:00, 20:21:00,
M3.9, 2014-06-11, 2087, 20:53:00, 21:03:00,
M3.9, 2013-05-10, 1745, 00:44:00, 00:57:00,
M3.8, 2015-06-21, 2367, 09:38:00, 09:44:00,
M3.8, 2013-11-06, 1890, 13:39:00, 13:46:00,
M3.8, 2012-07-02, 1515, 19:59:00, 20:07:00,
M3.7, 2015-11-04, 2443, 13:31:00, 13:52:00,
M3.7, 2015-03-02, 2290, 15:10:00, 15:28:00,
M3.6, 2015-09-28, 2423, 03:45:00, 03:55:00,
M3.5, 2015-08-22, 2403, 21:19:00, 21:24:00,
M3.5, 2013-12-19, 1934, 23:06:00, 23:19:00,
M3.5, 2013-10-27, 1884, 12:36:00, 12:48:00,
M3.5, 2013-10-24, 1875, 10:30:00, 10:33:00,
M3.5, 2012-11-21, 1618, 15:10:00, 15:30:00,
M3.3, 2013-12-22, 1928, 15:06:00, 15:12:00,
M3.3, 2013-08-17, 1818, 18:16:00, 18:24:00,
M3.3, 2013-04-12, 1718, 19:52:00, 20:38:00,
M3.3, 2012-06-03, 1496, 17:48:00, 17:55:00,
M3.3, 2012-03-02, 1429, 17:29:00, 17:46:00,
M3.2, 2015-03-12, 2297, 04:41:00, 04:46:00,
M3.2, 2013-05-17, 1748, 08:43:00, 08:57:00,
M3.2, 2012-01-19, 1402, 13:44:00, 16:05:00,
M3.1, 2013-12-29, 1936, 07:49:00, 07:56:00,
M3.1, 2013-10-26, 1884, 19:24:00, 19:27:00,
M3.1, 2013-10-24, 1875, 23:58:00, 00:08:00,
M3.0, 2015-06-18, 2371, 16:30:00, 17:36:00,
M3.0, 2015-03-06, 2297, 04:14:00, 04:57:00,
M2.9, 2015-09-29, 2422, 05:05:00, 05:16:00,
M2.9, 2015-08-27, 2403, 04:48:00, 05:44:00,
M2.9, 2015-03-10, 2297, 23:46:00, 00:02:00,
M2.9, 2013-10-25, 1882, 02:48:00, 03:02:00,
M2.9, 2013-06-23, 1778, 20:48:00, 20:56:00,
M2.9, 2013-06-21, 1777, 02:30:00, 03:14:00,
M2.9, 2012-07-06, 1515, 01:37:00, 01:40:00,
M2.8, 2015-12-21, 2472, 00:52:00, 01:03:00,
M2.8, 2013-10-28, 1875, 14:00:00, 14:05:00,
M2.8, 2013-10-09, 1865, 01:23:00, 01:48:00,
M2.8, 2012-11-13, 1613, 20:50:00, 20:54:00,
M2.8, 2012-07-01, 1513, 19:11:00, 19:18:00,
M2.8, 2012-03-14, 1432, 15:08:00, 15:21:00,
M2.7, 2015-03-12, 2297, 21:44:00, 21:51:00,
M2.7, 2013-10-28, 1882, 14:46:00, 15:01:00,
M2.7, 2013-10-23, 1875, 20:41:00, 20:53:00,
M2.7, 2012-07-27, 1532, 17:17:00, 17:26:00,
M2.6, 2015-06-21, 2367, 02:06:00, 02:36:00,
M2.6, 2015-05-05, 2335, 17:12:00, 17:24:00,
M2.6, 2015-03-11, 2297, 07:51:00, 07:57:00,
M2.6, 2012-07-07, 1515, 10:57:00, 11:03:00,
M2.5, 2015-11-04, 2445, 11:55:00, 12:03:00,
M2.5, 2013-11-05, 1890, 08:12:00, 08:18:00,
M2.5, 2013-10-24, 1875, 09:59:00, 10:09:00,
M2.5, 2012-11-13, 1613, 05:42:00, 05:50:00,
M2.4, 2015-02-09, 2282, 22:19:00, 23:35:00,
M2.4, 2015-01-30, 2277, 12:10:00, 12:16:00,
M2.4, 2013-11-11, 1897, 11:01:00, 11:18:00,
M2.4, 2013-11-07, 1890, 14:15:00, 14:25:00,
M2.4, 2012-08-17, 1548, 13:12:00, 13:19:00,
M2.4, 2012-07-05, 1515, 01:05:00, 01:10:00,
M2.4, 2012-06-28, 1513, 16:07:00, 16:12:00,
M2.3, 2017-04-02, 2644, 12:52:00, 13:00:00,
M2.3, 2016-01-01, 2473, 23:10:00, 00:11:00,
M2.3, 2013-11-08, 1891, 09:22:00, 09:28:00,
M2.3, 2013-11-07, 1890, 03:34:00, 03:40:00,
M2.3, 2013-10-26, 1882, 05:59:00, 06:06:00,
M2.3, 2013-10-25, 1882, 19:05:00, 19:21:00,
M2.3, 2012-07-29, 1532, 06:15:00, 06:22:00,
M2.3, 2012-07-04, 1515, 12:07:00, 12:24:00,
M2.3, 2012-07-04, 1515, 04:28:00, 04:37:00,
M2.2, 2015-08-28, 2403, 13:04:00, 13:16:00,
M2.2, 2015-04-21, 2333, 10:17:00, 10:40:00,
M2.2, 2015-04-21, 2322, 11:49:00, 11:57:00,
M2.2, 2015-01-14, 2257, 12:30:00, 12:58:00,
M2.2, 2012-11-28, 1620, 21:20:00, 21:36:00,
M2.2, 2012-07-05, 1515, 02:35:00, 02:42:00,
M2.2, 2012-06-29, 1513, 09:13:00, 09:20:00,
M2.1, 2017-04-02, 2644, 18:18:00, 18:38:00,
M2.1, 2015-09-20, 2415, 17:32:00, 18:03:00,
M2.1, 2015-08-28, 2403, 18:56:00, 19:03:00,
M2.1, 2015-04-21, 2322, 16:55:00, 17:00:00,
M2.1, 2015-01-29, 2268, 11:32:00, 11:42:00,
M2.1, 2012-03-05, 1429, 19:10:00, 19:16:00,
M2.0, 2016-07-24, 2567, 06:09:00, 06:20:00,
M2.0, 2015-06-14, 2360, 00:52:00, 00:59:00,
M2.0, 2015-01-31, 2268, 00:32:00, 00:44:00,
M1.9, 2016-07-24, 2567, 17:30:00, 17:43:00,
M1.9, 2015-11-04, 2445, 03:20:00, 03:26:00,
M1.9, 2015-09-27, 2422, 10:20:00, 10:40:00,
M1.9, 2015-05-06, 2339, 11:45:00, 11:49:00,
M1.9, 2015-05-05, 2339, 09:42:00, 09:47:00,
M1.8, 2016-02-13, 2497, 15:16:00, 15:24:00,
M1.8, 2015-12-28, 2473, 11:20:00, 12:45:00,
M1.8, 2015-04-21, 2322, 21:39:00, 21:45:00,
M1.7, 2015-07-06, 2381, 20:32:00, 20:40:00,
M1.6, 2015-12-22, 2473, 03:15:00, 03:34:00,
M1.6, 2015-09-29, 2422, 11:09:00, 11:15:00,
M1.5, 2015-07-03, 2378, 12:47:00, 12:51:00,
M1.4, 2015-09-29, 2422, 06:39:00, 06:43:00,
M1.4, 2015-08-30, 2403, 02:01:00, 03:30:00,
M1.4, 2015-08-21, 2403, 09:34:00, 09:48:00,
M1.4, 2015-04-08, 2320, 14:37:00, 14:43:00,
M1.3, 2015-09-30, 2422, 10:49:00, 10:59:00,
M1.3, 2015-09-29, 2423, 08:46:00, 08:51:00,
M1.3, 2015-06-13, 2360, 07:20:00, 07:29:00,
M1.3, 2015-05-05, 2335, 14:19:00, 14:25:00,
M1.2, 2017-04-03, 2644, 00:56:00, 01:05:00,
M1.2, 2016-11-29, 2615, 23:29:00, 23:38:00,
M1.2, 2016-07-21, 2567, 00:42:00, 00:46:00,
M1.2, 2015-09-29, 2423, 05:33:00, 05:37:00,
M1.2, 2015-09-29, 2423, 03:11:00, 03:16:00,
M1.2, 2015-08-22, 2403, 06:39:00, 06:49:00,
M1.2, 2015-08-21, 2403, 01:56:00, 02:18:00,
M1.2, 2015-06-18, 2365, 00:33:00, 01:27:00,
M1.2, 2015-05-05, 2339, 13:45:00, 13:53:00,
M1.2, 2015-04-21, 2325, 21:58:00, 22:01:00,
M1.1, 2016-02-15, 2497, 10:41:00, 11:00:00,
M1.1, 2015-12-24, 2473, 01:49:00, 02:12:00,
M1.1, 2015-12-21, 2472, 10:09:00, 10:19:00,
M1.1, 2015-10-16, 2434, 06:11:00, 06:16:00,
M1.1, 2015-10-15, 2434, 23:27:00, 23:31:00,
M1.1, 2015-09-30, 2422, 13:18:00, 13:20:00,
M1.1, 2015-09-29, 2422, 19:20:00, 19:24:00,
M1.1, 2015-09-29, 2422, 03:41:00, 03:43:00,
M1.1, 2015-09-28, 2422, 13:01:00, 13:18:00,
M1.1, 2015-09-28, 2422, 07:27:00, 07:35:00,
M1.1, 2015-09-17, 2415, 09:34:00, 09:40:00,
M1.1, 2015-08-21, 2403, 19:10:00, 20:34:00,
M1.1, 2015-06-21, 2367, 18:10:00, 18:20:00,
M1.1, 2015-04-23, 2322, 09:18:00, 10:07:00,
M1.1, 2015-04-22, 2322, 08:30:00, 08:44:00,
M1.1, 2015-04-12, 2321, 08:51:00, 09:50:00,
M1.0, 2016-11-29, 2615, 17:19:00, 17:23:00,
M1.0, 2016-07-21, 2567, 01:34:00, 01:49:00,
M1.0, 2016-02-14, 2497, 19:18:00, 19:26:00,
M1.0, 2016-02-12, 2497, 10:36:00, 10:47:00,
M1.0, 2015-10-31, 2443, 17:48:00, 17:52:00,
M1.0, 2015-10-04, 2422, 02:34:00, 02:41:00,
M1.0, 2015-10-02, 2422, 17:08:00, 17:18:00,
M1.0, 2015-10-02, 2422, 12:19:00, 12:26:00,
M1.0, 2015-09-29, 2422, 05:53:00, 05:56:00,
M1.0, 2015-09-27, 2422, 20:54:00, 21:00:00,
M1.0, 2015-08-24, 2403, 17:40:00, 17:46:00,
M1.0, 2015-07-06, 2381, 08:24:00, 08:44:00,
M1.0, 2015-06-20, 2371, 06:28:00, 06:48:00,
M1.0, 2015-06-11, 2367, 08:49:00, 08:55:00,
M1.0, 2015-04-21, 2322, 07:08:00, 07:21:00,
C9.9, 2015-10-31, 2443, 19:27:00, 19:33:00,
C9.6, 2016-01-28, 2488, 11:48:00, 12:02:00,
C9.5, 2015-10-13, 2434, 14:05:00, 14:11:00,
C9.4, 2016-02-17, 2497, 04:54:00, 05:01:00,
C9.3, 2017-01-21, 2628, 07:14:00, 07:26:00,
C9.1, 2016-07-21, 2567, 12:47:00, 12:55:00,
C9.1, 2015-12-21, 2472, 05:29:00, 05:39:00,
C8.9, 2016-08-09, 2574, 00:34:00, 00:42:00,
C8.9, 2016-02-11, 2497, 20:18:00, 21:03:00,
C8.8, 2015-10-02, 2422, 15:26:00, 15:32:00,
C8.7, 2015-11-23, 2454, 01:09:00, 02:28:00,
C8.6, 2016-07-10, 2564, 00:53:00, 00:59:00,
C8.5, 2016-08-07, 2572, 15:03:00, 15:09:00,
C8.1, 2015-10-02, 2422, 17:55:00, 18:00:00,
C8.0, 2017-04-02, 2645, 02:41:00, 02:46:00,
C8.0, 2015-12-28, 2473, 00:18:00, 00:28:00,
C7.8, 2015-12-26, 2473, 05:01:00, 05:10:00,
C7.8, 2015-12-12, 2470, 13:36:00, 13:46:00,
C7.8, 2015-10-30, 2443, 19:57:00, 20:16:00,
C7.7, 2015-10-21, 2436, 17:48:00, 17:56:00,
C7.6, 2015-10-02, 2422, 08:30:00, 08:38:00,
C7.5, 2016-11-29, 2615, 07:03:00, 07:10:00,
C7.5, 2015-12-28, 2473, 15:23:00, 15:31:00,
C7.5, 2015-12-23, 2472, 04:02:00, 04:14:00,
C7.4, 2016-05-14, 2543, 11:28:00, 11:34:00,
C7.4, 2016-02-17, 2497, 18:06:00, 18:13:00,
C7.3, 2017-04-03, 2644, 13:18:00, 13:24:00,
C7.2, 2016-07-21, 2567, 11:06:00, 11:19:00,
C7.2, 2016-02-18, 2497, 01:49:00, 01:58:00,
C7.2, 2015-11-02, 2445, 09:50:00, 10:00:00,
C7.2, 2015-10-02, 2422, 13:31:00, 13:37:00,
C6.9, 2016-07-24, 2567, 13:34:00, 14:04:00,
C6.9, 2016-02-14, 2497, 09:52:00, 10:25:00,
C6.9, 2015-12-25, 2472, 16:59:00, 17:29:00,
C6.8, 2016-07-16, 2567, 06:57:00, 07:04:00,
C6.8, 2016-02-12, 2497, 17:10:00, 17:21:00,
C6.8, 2015-12-29, 2473, 10:11:00, 10:32:00,
C6.7, 2015-12-08, 2463, 18:59:00, 19:14:00,
C6.6, 2016-07-22, 2567, 06:34:00, 06:51:00,
C6.6, 2016-07-17, 2565, 21:31:00, 23:35:00,
C6.6, 2015-12-16, 2468, 08:34:00, 09:03:00,
C6.6, 2015-10-31, 2443, 18:56:00, 19:07:00,
C6.6, 2015-10-17, 2435, 23:18:00, 23:35:00,
C6.5, 2016-06-11, 2552, 21:59:00, 22:28:00,
C6.5, 2015-11-01, 2443, 00:22:00, 00:27:00,
C6.4, 2015-11-01, 2443, 21:29:00, 23:14:00,
C6.3, 2015-12-22, 2472, 13:06:00, 13:38:00,
C6.3, 2015-11-02, 2445, 00:45:00, 00:50:00,
C6.3, 2015-11-01, 2443, 17:34:00, 18:03:00,
C6.3, 2015-10-21, 2436, 04:29:00, 04:34:00,
C6.2, 2015-12-21, 2473, 18:08:00, 18:27:00,
C6.2, 2015-11-01, 2443, 01:11:00, 01:15:00,
C6.1, 2017-01-21, 2628, 10:59:00, 11:08:00,
C6.1, 2015-10-31, 2443, 22:56:00, 23:04:00,
C6.0, 2016-11-30, 2615, 01:14:00, 01:19:00,
C5.9, 2015-12-24, 2472, 05:08:00, 06:16:00,
C5.9, 2015-10-30, 2443, 14:14:00, 14:22:00,
C5.9, 2015-10-30, 2437, 15:33:00, 15:37:00,
C5.8, 2016-04-16, 2529, 19:42:00, 19:58:00,
C5.8, 2015-10-31, 2443, 21:13:00, 21:18:00,
C5.8, 2015-10-02, 2422, 06:54:00, 07:09:00,
C5.7, 2017-04-03, 2644, 04:55:00, 05:27:00,
C5.6, 2016-09-22, 2595, 05:40:00, 05:47:00,
C5.6, 2016-08-08, 2574, 10:36:00, 10:44:00,
C5.6, 2016-08-07, 2571, 22:26:00, 22:32:00,
C5.6, 2015-12-11, 2465, 16:48:00, 17:16:00,
C5.6, 2015-11-22, 2454, 05:31:00, 05:38:00,
C5.6, 2015-11-01, 2443, 03:35:00, 03:39:00,
C5.5, 2017-04-18, 2651, 19:21:00, 20:10:00,
C5.5, 2017-04-06, 2645, 12:01:00, 12:10:00,
C5.5, 2015-11-03, 2443, 18:43:00, 19:09:00,
C5.5, 2015-10-30, 2436, 08:21:00, 08:41:00,
C5.3, 2016-01-28, 2488, 05:17:00, 05:23:00,
C5.3, 2015-12-13, 2468, 08:25:00, 10:34:00,
C5.2, 2016-02-15, 2497, 08:26:00, 08:41:00,
C5.2, 2015-12-12, 2468, 05:05:00, 05:28:00,
C5.2, 2015-10-31, 2443, 14:54:00, 15:02:00,
C5.2, 2015-10-30, 2443, 16:21:00, 16:25:00,
C5.1, 2017-04-01, 2645, 22:59:00, 23:03:00,
C5.1, 2017-03-27, 2645, 17:55:00, 18:20:00,
C5.1, 2016-07-07, 2561, 07:49:00, 07:56:00,
C5.1, 2016-02-04, 2494, 18:15:00, 18:22:00,
C5.1, 2016-02-04, 2494, 18:15:00, 18:22:00,
C5.1, 2015-11-22, 2454, 01:37:00, 02:10:00,
C5.0, 2017-04-03, 2644, 20:07:00, 20:13:00,
C5.0, 2015-11-02, 2443, 14:29:00, 15:00:00,
C5.0, 2015-11-01, 2443, 16:33:00, 16:43:00,
C4.9, 2017-04-04, 2645, 23:30:00, 23:42:00,
C4.9, 2016-05-15, 2543, 03:58:00, 04:09:00,
C4.9, 2015-11-01, 2443, 20:11:00, 20:23:00,
C4.8, 2016-05-14, 2543, 15:15:00, 15:19:00,
C4.8, 2015-10-17, 2435, 21:52:00, 21:59:00,
C4.8, 2015-10-02, 2422, 07:44:00, 07:49:00,
C4.7, 2017-04-02, 2644, 21:07:00, 21:10:00,
C4.7, 2015-10-17, 2434, 21:12:00, 21:19:00,
C4.6, 2016-07-20, 2567, 22:03:00, 22:17:00,
C4.6, 2016-02-17, 2497, 20:05:00, 20:22:00,
C4.6, 2015-12-18, 2469, 04:55:00, 05:09:00,
C4.6, 2015-11-04, 2445, 08:47:00, 09:00:00,
C4.6, 2015-10-30, 2443, 09:50:00, 10:18:00,
C4.5, 2015-12-08, 2466, 22:40:00, 22:55:00,
C4.5, 2015-10-17, 2434, 12:31:00, 12:35:00,
C4.5, 2015-10-13, 2434, 01:12:00, 01:16:00,
C4.4, 2016-07-18, 2565, 08:09:00, 08:23:00,
C4.4, 2015-11-06, 2449, 18:04:00, 18:11:00,
C4.4, 2015-10-22, 2434, 02:13:00, 03:40:00,
C4.3, 2017-04-07, 2645, 19:42:00, 19:49:00,
C4.3, 2015-12-30, 2473, 22:39:00, 22:45:00,
C4.3, 2015-10-16, 2435, 13:20:00, 13:24:00,
C4.2, 2016-02-15, 2497, 17:46:00, 17:52:00,
C4.2, 2015-12-12, 2469, 06:05:00, 06:13:00,
C4.2, 2015-10-30, 2443, 07:04:00, 07:15:00,
C4.2, 2015-10-16, 2434, 13:36:00, 13:42:00,
C4.1, 2017-02-22, 2638, 13:03:00, 13:27:00,
C4.1, 2016-04-15, 2529, 14:04:00, 14:30:00,
C4.1, 2016-02-15, 2497, 21:14:00, 21:40:00,
C4.1, 2015-12-28, 2473, 16:56:00, 17:01:00,
C4.1, 2015-12-26, 2473, 15:10:00, 15:26:00,
C4.1, 2015-12-22, 2473, 14:17:00, 14:41:00,
C4.1, 2015-10-30, 2443, 04:11:00, 04:22:00,
C4.0, 2016-12-10, 2615, 16:48:00, 17:15:00,
C4.0, 2015-12-04, 2462, 16:53:00, 17:10:00,
C4.0, 2015-10-02, 2422, 06:19:00, 06:24:00,
C3.9, 2017-04-03, 2645, 11:07:00, 11:13:00,
C3.9, 2016-02-15, 2497, 04:02:00, 04:19:00,
C3.9, 2015-12-10, 2468, 07:41:00, 07:50:00,
C3.9, 2015-11-03, 2445, 16:54:00, 17:00:00,
C3.9, 2015-10-30, 2443, 04:56:00, 05:03:00,
C3.9, 2015-10-19, 2436, 17:23:00, 17:27:00,
C3.9, 2015-10-15, 2434, 18:31:00, 18:38:00,
C3.8, 2017-04-03, 2645, 08:09:00, 08:14:00,
C3.8, 2015-10-31, 2443, 05:59:00, 06:35:00,
C3.8, 2015-10-16, 2434, 12:44:00, 13:07:00,
C3.7, 2017-04-04, 2644, 07:02:00, 07:12:00,
C3.7, 2017-04-01, 2644, 19:30:00, 19:56:00,
C3.7, 2016-07-21, 2567, 00:19:00, 00:37:00,
C3.7, 2016-03-20, 2521, 01:22:00, 01:33:00,
C3.7, 2015-11-10, 2443, 14:00:00, 14:11:00,
C3.6, 2016-07-21, 2567, 22:34:00, 22:46:00,
C3.6, 2016-07-20, 2567, 23:30:00, 23:35:00,
C3.6, 2016-02-04, 2494, 16:44:00, 16:49:00,
C3.6, 2015-12-01, 2458, 07:57:00, 08:10:00,
C3.6, 2015-10-15, 2434, 13:42:00, 13:49:00,
C3.5, 2016-07-24, 2567, 13:15:00, 13:23:00,
C3.5, 2016-05-02, 2540, 08:32:00, 08:42:00,
C3.5, 2016-02-16, 2497, 01:45:00, 01:59:00,
C3.5, 2016-01-29, 2488, 07:57:00, 08:18:00,
C3.4, 2017-04-03, 2645, 13:01:00, 13:06:00,
C3.4, 2016-07-20, 2567, 23:45:00, 23:51:00,
C3.4, 2016-02-14, 2497, 04:27:00, 04:39:00,
C3.4, 2015-10-17, 2435, 01:21:00, 01:40:00,
C3.4, 2015-10-16, 2434, 08:57:00, 09:03:00,
C3.4, 2015-10-15, 2434, 19:51:00, 19:56:00,
C3.3, 2017-05-28, 2659, 19:22:00, 19:28:00,
C3.3, 2017-05-28, 2659, 19:22:00, 19:28:00,
C3.3, 2017-04-18, 2651, 09:29:00, 09:41:00,
C3.3, 2016-02-27, 2506, 05:44:00, 05:55:00,
C3.3, 2016-02-15, 2497, 14:40:00, 15:04:00,
C3.3, 2016-01-28, 2488, 21:48:00, 21:57:00,
C3.3, 2015-12-21, 2473, 23:38:00, 00:14:00,
C3.3, 2015-11-21, 2454, 13:36:00, 13:53:00,
C3.3, 2015-11-02, 2445, 06:31:00, 06:37:00,
C3.3, 2015-10-13, 2434, 14:33:00, 14:44:00,
C3.3, 2015-10-03, 2422, 06:25:00, 06:33:00,
C3.2, 2017-03-28, 2645, 04:47:00, 04:56:00,
C3.2, 2017-03-27, 2645, 11:07:00, 11:12:00,
C3.2, 2016-05-15, 2542, 15:19:00, 16:03:00,
C3.1, 2017-03-28, 2645, 03:18:00, 03:23:00,
C3.1, 2016-11-30, 2615, 02:09:00, 02:22:00,
C3.1, 2016-08-08, 2574, 09:05:00, 09:21:00,
C3.1, 2015-12-19, 2468, 01:59:00, 02:04:00,
C3.1, 2015-10-30, 2437, 12:54:00, 13:01:00,
C3.1, 2015-10-16, 2434, 10:13:00, 10:20:00,
C3.1, 2015-10-15, 2434, 21:35:00, 21:41:00,
C3.0, 2017-04-02, 2644, 16:20:00, 16:27:00,
C3.0, 2016-06-13, 2552, 05:33:00, 05:52:00,
C3.0, 2016-02-12, 2497, 22:34:00, 22:39:00,
C3.0, 2016-02-05, 2494, 00:49:00, 00:56:00,
C3.0, 2015-12-25, 2473, 22:48:00, 23:00:00,
C3.0, 2015-11-07, 2448, 00:15:00, 00:21:00,
C3.0, 2015-11-04, 2445, 00:25:00, 00:32:00,
C3.0, 2015-10-02, 2422, 11:37:00, 11:44:00,
C3.0, 2015-10-02, 2422, 09:14:00, 09:17:00,
C2.9, 2016-05-15, 2543, 08:18:00, 08:24:00,
C2.9, 2016-02-17, 2497, 06:17:00, 06:22:00,
C2.9, 2016-02-15, 2497, 18:42:00, 18:46:00,
C2.9, 2016-02-05, 2494, 07:15:00, 07:22:00,
C2.9, 2016-01-21, 2487, 01:17:00, 01:45:00,
C2.9, 2015-10-30, 2443, 01:00:00, 01:05:00,
C2.9, 2015-10-02, 2422, 18:45:00, 18:50:00,
C2.8, 2017-01-28, 2627, 20:56:00, 21:09:00,
C2.8, 2016-08-08, 2572, 08:36:00, 08:44:00,
C2.8, 2016-04-09, 2529, 12:15:00, 13:42:00,
C2.8, 2016-02-16, 2497, 18:44:00, 18:50:00,
C2.8, 2016-02-13, 2497, 10:04:00, 10:09:00,
C2.8, 2016-01-28, 2488, 06:52:00, 07:02:00,
C2.8, 2016-01-15, 2480, 02:34:00, 02:39:00,
C2.8, 2015-12-28, 2473, 22:43:00, 22:49:00,
C2.8, 2015-12-27, 2472, 18:59:00, 19:10:00,
C2.8, 2015-12-12, 2469, 18:09:00, 18:17:00,
C2.8, 2015-10-30, 2443, 03:47:00, 03:55:00,
C2.8, 2015-10-17, 2435, 04:13:00, 04:17:00,
C2.7, 2017-04-07, 2645, 00:13:00, 00:25:00,
C2.7, 2016-07-08, 2564, 00:48:00, 00:56:00,
C2.7, 2016-02-07, 2496, 11:54:00, 12:02:00,
C2.7, 2016-01-01, 2473, 22:25:00, 22:30:00,
C2.7, 2015-10-31, 2443, 23:54:00, 23:59:00,
C2.7, 2015-10-31, 2443, 20:36:00, 20:44:00,
C2.7, 2015-10-21, 2436, 05:31:00, 05:37:00,
C2.7, 2015-10-15, 2434, 10:42:00, 10:48:00,
C2.7, 2015-10-03, 2422, 11:32:00, 11:39:00,
C2.7, 2015-10-03, 2420, 18:04:00, 18:09:00,
C2.6, 2017-04-03, 2645, 12:16:00, 12:20:00,
C2.6, 2017-04-03, 2645, 11:40:00, 11:43:00,
C2.6, 2016-11-29, 2615, 12:05:00, 12:13:00,
C2.6, 2016-09-22, 2595, 19:05:00, 19:16:00,
C2.6, 2016-07-09, 2564, 15:49:00, 16:07:00,
C2.6, 2016-02-11, 2497, 16:22:00, 16:49:00,
C2.6, 2015-11-22, 2454, 22:39:00, 22:46:00,
C2.6, 2015-10-21, 2436, 11:51:00, 12:00:00,
C2.5, 2017-04-03, 2644, 09:15:00, 09:19:00,
C2.5, 2016-08-09, 2574, 08:47:00, 08:55:00,
C2.5, 2016-07-24, 2567, 12:56:00, 13:03:00,
C2.5, 2016-07-20, 2565, 03:32:00, 03:35:00,
C2.5, 2016-05-14, 2543, 09:21:00, 09:31:00,
C2.5, 2016-05-01, 2539, 23:30:00, 23:38:00,
C2.5, 2016-02-15, 2497, 17:14:00, 17:23:00,
C2.5, 2016-02-13, 2497, 20:45:00, 21:05:00,
C2.5, 2015-12-29, 2473, 20:07:00, 20:19:00,
C2.5, 2015-11-07, 2449, 22:59:00, 23:21:00,
C2.5, 2015-10-30, 2443, 05:41:00, 05:45:00,
C2.5, 2015-10-17, 2434, 06:25:00, 06:29:00,
C2.5, 2015-10-03, 2427, 00:11:00, 00:19:00,
C2.4, 2016-08-11, 2574, 16:32:00, 16:44:00,
C2.4, 2016-07-23, 2567, 17:38:00, 17:55:00,
C2.4, 2016-07-22, 2567, 20:09:00, 20:20:00,
C2.4, 2016-05-01, 2539, 09:14:00, 09:22:00,
C2.4, 2016-04-17, 2529, 17:17:00, 17:30:00,
C2.4, 2016-02-16, 2497, 06:37:00, 06:45:00,
C2.4, 2016-02-14, 2497, 21:10:00, 21:18:00,
C2.4, 2016-02-04, 2494, 12:16:00, 12:21:00,
C2.4, 2016-01-01, 2473, 09:36:00, 09:48:00,
C2.4, 2015-12-21, 2472, 03:10:00, 03:16:00,
C2.4, 2015-12-20, 2468, 19:22:00, 19:44:00,
C2.4, 2015-11-22, 2457, 10:17:00, 10:23:00,
C2.4, 2015-11-07, 2450, 05:23:00, 05:32:00,
C2.4, 2015-11-01, 2443, 06:22:00, 06:28:00,
C2.4, 2015-10-30, 2443, 11:38:00, 11:54:00,
C2.3, 2017-04-04, 2644, 13:31:00, 13:41:00,
C2.3, 2017-04-04, 2644, 09:46:00, 09:51:00,
C2.3, 2017-04-03, 2644, 22:51:00, 23:02:00,
C2.3, 2017-04-03, 2644, 04:19:00, 04:26:00,
C2.3, 2016-11-30, 2615, 15:22:00, 15:25:00,
C2.3, 2016-02-15, 2497, 09:29:00, 09:35:00,
C2.3, 2016-01-01, 2473, 06:33:00, 06:38:00,
C2.3, 2015-11-03, 2443, 00:39:00, 00:53:00,
C2.3, 2015-10-30, 2443, 00:45:00, 00:50:00,
C2.3, 2015-10-27, 2435, 15:40:00, 15:49:00,
C2.3, 2015-10-17, 2434, 12:45:00, 12:49:00,
C2.2, 2016-08-31, 2585, 20:10:00, 20:19:00,
C2.2, 2016-08-29, 2583, 03:34:00, 03:46:00,
C2.2, 2016-07-21, 2567, 13:30:00, 13:34:00,
C2.2, 2016-07-19, 2565, 10:00:00, 11:53:00,
C2.2, 2016-03-16, 2522, 06:34:00, 06:46:00,
C2.2, 2016-02-17, 2497, 01:44:00, 01:48:00,
C2.2, 2015-12-02, 2458, 04:25:00, 04:46:00,
C2.2, 2015-11-02, 2445, 05:06:00, 05:12:00,
C2.2, 2015-10-15, 2434, 16:09:00, 16:17:00,
C2.1, 2017-04-04, 2645, 21:31:00, 21:36:00,
C2.1, 2016-07-16, 2567, 00:28:00, 00:34:00,
C2.1, 2016-03-28, 2524, 02:18:00, 02:28:00,
C2.1, 2016-02-19, 2497, 04:33:00, 05:08:00,
C2.1, 2016-02-17, 2497, 21:52:00, 21:58:00,
C2.1, 2016-02-16, 2497, 15:29:00, 15:48:00,
C2.1, 2016-02-12, 2492, 06:27:00, 06:36:00,
C2.1, 2016-02-04, 2494, 14:34:00, 14:42:00,
C2.1, 2015-12-21, 2473, 14:17:00, 14:33:00,
C2.1, 2015-12-12, 2468, 11:39:00, 11:45:00,
C2.1, 2015-10-31, 2443, 17:23:00, 17:28:00,
C2.1, 2015-10-26, 2437, 10:21:00, 10:29:00,
C2.1, 2015-10-03, 2422, 13:02:00, 13:08:00,
C2.1, 2015-10-02, 2422, 04:20:00, 04:25:00,
C2.0, 2017-04-17, 2651, 02:17:00, 02:47:00,
C2.0, 2016-07-16, 2567, 05:40:00, 05:44:00,
C2.0, 2016-07-15, 2567, 15:07:00, 15:11:00,
C2.0, 2016-02-17, 2497, 09:54:00, 10:02:00,
C2.0, 2016-02-17, 2497, 05:43:00, 05:50:00,
C2.0, 2016-02-17, 2497, 02:33:00, 02:47:00,
C2.0, 2016-01-29, 2488, 04:15:00, 04:29:00,
C2.0, 2015-12-25, 2473, 09:20:00, 09:38:00,
C2.0, 2015-12-24, 2472, 10:46:00, 11:07:00,
C2.0, 2015-12-21, 2472, 04:50:00, 04:58:00,
C2.0, 2015-12-12, 2465, 03:09:00, 03:16:00,
C2.0, 2015-11-22, 2454, 16:31:00, 16:57:00,
C2.0, 2015-11-21, 2454, 13:11:00, 13:24:00,
C2.0, 2015-11-02, 2445, 17:29:00, 17:33:00,
C1.9, 2017-04-04, 2648, 01:28:00, 01:32:00,
C1.9, 2017-04-04, 2644, 16:55:00, 17:01:00,
C1.9, 2017-04-04, 2644, 12:12:00, 12:16:00,
C1.9, 2016-11-29, 2615, 22:57:00, 23:17:00,
C1.9, 2016-09-22, 2595, 17:35:00, 17:53:00,
C1.9, 2016-09-22, 2595, 08:24:00, 08:29:00,
C1.9, 2016-07-24, 2567, 01:08:00, 01:13:00,
C1.9, 2016-05-07, 2541, 17:04:00, 17:13:00,
C1.9, 2016-04-28, 2535, 12:46:00, 12:51:00,
C1.9, 2016-04-07, 2529, 11:06:00, 11:13:00,
C1.9, 2016-02-16, 2497, 13:36:00, 13:52:00,
C1.9, 2015-12-05, 2464, 15:14:00, 15:21:00,
C1.9, 2015-12-05, 2463, 16:16:00, 16:23:00,
C1.9, 2015-10-31, 2443, 15:48:00, 15:53:00,
C1.9, 2015-10-31, 2443, 00:24:00, 00:28:00,
C1.9, 2015-10-28, 2436, 09:31:00, 09:37:00,
C1.9, 2015-10-24, 2434, 04:20:00, 04:28:00,
C1.9, 2015-10-19, 2434, 13:36:00, 13:43:00,
C1.8, 2017-01-21, 2628, 13:19:00, 13:26:00,
C1.8, 2016-12-04, 2615, 17:35:00, 17:55:00,
C1.8, 2016-07-25, 2567, 08:59:00, 09:09:00,
C1.8, 2016-07-23, 2567, 12:48:00, 12:57:00,
C1.8, 2016-06-12, 2552, 20:30:00, 20:40:00,
C1.8, 2016-05-16, 2544, 15:21:00, 15:25:00,
C1.8, 2016-04-28, 2535, 05:57:00, 06:02:00,
C1.8, 2016-04-14, 2529, 13:21:00, 13:32:00,
C1.8, 2016-04-12, 2529, 07:40:00, 07:51:00,
C1.8, 2016-04-09, 2529, 22:50:00, 22:55:00,
C1.8, 2016-02-18, 2501, 21:08:00, 21:13:00,
C1.8, 2015-12-12, 2463, 04:03:00, 04:31:00,
C1.8, 2015-11-02, 2445, 13:12:00, 13:19:00,
C1.8, 2015-11-01, 2443, 19:36:00, 19:42:00,
C1.8, 2015-11-01, 2443, 05:05:00, 05:12:00,
C1.8, 2015-10-28, 2436, 09:50:00, 10:23:00,
C1.8, 2015-10-19, 2434, 18:37:00, 18:43:00,
C1.8, 2015-10-17, 2435, 14:22:00, 14:29:00,
C1.7, 2017-04-03, 2645, 23:43:00, 23:52:00,
C1.7, 2016-09-21, 2595, 11:45:00, 11:51:00,
C1.7, 2016-08-08, 2571, 20:13:00, 20:18:00,
C1.7, 2016-07-16, 2567, 02:46:00, 02:50:00,
C1.7, 2016-06-19, 2558, 11:44:00, 11:58:00,
C1.7, 2016-05-04, 2542, 22:43:00, 22:48:00,
C1.7, 2016-04-28, 2535, 08:45:00, 08:52:00,
C1.7, 2016-04-09, 2529, 16:09:00, 16:13:00,
C1.7, 2016-02-17, 2497, 08:39:00, 08:43:00,
C1.7, 2016-02-15, 2497, 19:46:00, 19:52:00,
C1.7, 2016-02-07, 2496, 04:39:00, 04:45:00,
C1.7, 2016-01-15, 2480, 15:18:00, 15:25:00,
C1.7, 2015-12-24, 2472, 00:41:00, 00:46:00,
C1.7, 2015-12-21, 2472, 08:25:00, 08:29:00,
C1.7, 2015-12-17, 2470, 12:22:00, 12:35:00,
C1.7, 2015-12-12, 2465, 17:26:00, 17:34:00,
C1.7, 2015-11-03, 2445, 23:29:00, 23:35:00,
C1.7, 2015-10-31, 2443, 08:35:00, 08:39:00,
C1.7, 2015-10-21, 2436, 13:52:00, 13:58:00,
C1.7, 2015-10-21, 2436, 00:12:00, 00:19:00,
C1.7, 2015-10-15, 2434, 06:41:00, 06:47:00,
C1.7, 2015-10-03, 2422, 08:15:00, 10:33:00,
C1.6, 2017-04-03, 2644, 21:13:00, 21:16:00,
C1.6, 2017-03-27, 2645, 16:52:00, 17:12:00,
C1.6, 2016-09-21, 2593, 10:23:00, 10:39:00,
C1.6, 2016-08-08, 2574, 07:34:00, 07:37:00,
C1.6, 2016-07-20, 2567, 02:40:00, 02:49:00,
C1.6, 2016-07-16, 2567, 02:07:00, 02:16:00,
C1.6, 2016-04-09, 2529, 17:47:00, 17:55:00,
C1.6, 2016-02-19, 2497, 00:03:00, 00:19:00,
C1.6, 2016-02-15, 2497, 20:02:00, 20:06:00,
C1.6, 2016-02-15, 2497, 17:32:00, 17:36:00,
C1.6, 2016-02-13, 2497, 18:50:00, 18:55:00,
C1.6, 2016-02-08, 2492, 05:22:00, 05:29:00,
C1.6, 2015-12-26, 2473, 01:44:00, 01:53:00,
C1.6, 2015-12-19, 2470, 10:40:00, 10:51:00,
C1.6, 2015-12-12, 2469, 07:36:00, 07:41:00,
C1.6, 2015-11-23, 2454, 00:43:00, 00:48:00,
C1.6, 2015-11-22, 2454, 18:41:00, 18:45:00,
C1.6, 2015-11-21, 2457, 02:10:00, 02:14:00,
C1.6, 2015-11-21, 2454, 17:33:00, 17:44:00,
C1.6, 2015-11-06, 2446, 22:52:00, 23:13:00,
C1.6, 2015-10-29, 2443, 23:08:00, 23:15:00,
C1.6, 2015-10-28, 2437, 08:33:00, 08:39:00,
C1.6, 2015-10-21, 2436, 02:00:00, 02:09:00,
C1.5, 2016-09-22, 2595, 11:46:00, 11:52:00,
C1.5, 2016-08-30, 2583, 22:41:00, 22:45:00,
C1.5, 2016-07-24, 2567, 12:18:00, 12:28:00,
C1.5, 2016-07-24, 2567, 07:56:00, 08:04:00,
C1.5, 2016-07-24, 2567, 04:50:00, 05:01:00,
C1.5, 2016-07-16, 2567, 08:17:00, 08:23:00,
C1.5, 2016-07-16, 2567, 03:00:00, 03:05:00,
C1.5, 2016-05-15, 2544, 19:10:00, 19:13:00,
C1.5, 2016-04-10, 2529, 05:49:00, 09:34:00,
C1.5, 2016-04-09, 2529, 20:29:00, 20:34:00,
C1.5, 2016-04-09, 2529, 18:40:00, 18:44:00,
C1.5, 2016-04-09, 2529, 05:25:00, 05:30:00,
C1.5, 2016-03-08, 2511, 13:03:00, 13:06:00,
C1.5, 2016-02-06, 2494, 22:37:00, 22:44:00,
C1.5, 2015-12-29, 2473, 17:51:00, 17:59:00,
C1.5, 2015-12-25, 2473, 04:05:00, 05:17:00,
C1.5, 2015-11-07, 2449, 04:35:00, 04:40:00,
C1.5, 2015-11-01, 2443, 01:55:00, 01:58:00,
C1.5, 2015-10-31, 2443, 10:15:00, 10:22:00,
C1.5, 2015-10-29, 2443, 15:01:00, 15:06:00,
C1.5, 2015-10-29, 2443, 00:17:00, 00:21:00,
C1.5, 2015-10-18, 2436, 05:08:00, 05:11:00,
C1.5, 2015-10-17, 2435, 15:38:00, 15:44:00,
C1.5, 2015-10-15, 2434, 01:22:00, 01:53:00,
C1.4, 2017-04-04, 2645, 00:35:00, 00:39:00,
C1.4, 2016-11-28, 2611, 07:55:00, 08:01:00,
C1.4, 2016-08-05, 2572, 10:08:00, 10:12:00,
C1.4, 2016-07-23, 2567, 03:38:00, 03:42:00,
C1.4, 2016-07-17, 2565, 05:36:00, 08:03:00,
C1.4, 2016-05-30, 2550, 07:33:00, 07:37:00,
C1.4, 2016-04-16, 2529, 19:14:00, 19:20:00,
C1.4, 2016-04-11, 2529, 20:19:00, 20:27:00,
C1.4, 2016-04-09, 2529, 22:01:00, 22:04:00,
C1.4, 2016-04-07, 2529, 05:50:00, 05:53:00,
C1.4, 2016-04-07, 2529, 01:10:00, 01:17:00,
C1.4, 2016-02-24, 2506, 12:23:00, 12:29:00,
C1.4, 2016-02-19, 2497, 08:49:00, 09:02:00,
C1.4, 2016-02-17, 2497, 01:03:00, 01:10:00,
C1.4, 2016-02-15, 2497, 05:27:00, 05:33:00,
C1.4, 2016-02-14, 2497, 11:53:00, 11:57:00,
C1.4, 2016-02-03, 2493, 16:29:00, 16:34:00,
C1.4, 2016-01-25, 2489, 09:00:00, 09:07:00,
C1.4, 2016-01-24, 2488, 04:07:00, 04:55:00,
C1.4, 2016-01-21, 2487, 13:22:00, 13:51:00,
C1.4, 2015-12-29, 2472, 00:53:00, 01:06:00,
C1.4, 2015-12-22, 2473, 18:17:00, 18:32:00,
C1.4, 2015-12-18, 2469, 03:48:00, 04:00:00,
C1.4, 2015-12-11, 2468, 04:22:00, 04:47:00,
C1.4, 2015-12-09, 2466, 03:17:00, 03:40:00,
C1.4, 2015-11-22, 2454, 12:40:00, 12:45:00,
C1.4, 2015-11-06, 2449, 21:42:00, 21:49:00,
C1.4, 2015-11-04, 2443, 03:53:00, 03:59:00,
C1.4, 2015-11-03, 2445, 13:55:00, 14:00:00,
C1.4, 2015-10-31, 2443, 12:57:00, 13:02:00,
C1.4, 2015-10-29, 2443, 16:52:00, 16:56:00,
C1.4, 2015-10-19, 2434, 04:32:00, 04:40:00,
C1.4, 2015-10-18, 2437, 20:02:00, 20:08:00,
C1.3, 2017-03-27, 2644, 23:49:00, 00:00:00,
C1.3, 2017-03-26, 2644, 23:49:00, 00:00:00,
C1.3, 2017-02-23, 2638, 20:43:00, 20:53:00,
C1.3, 2017-02-09, 2635, 03:20:00, 03:26:00,
C1.3, 2016-08-29, 2583, 04:20:00, 04:27:00,
C1.3, 2016-08-07, 2571, 05:28:00, 05:35:00,
C1.3, 2016-07-23, 2567, 23:30:00, 23:36:00,
C1.3, 2016-07-20, 2567, 01:20:00, 01:27:00,
C1.3, 2016-07-17, 2567, 01:36:00, 01:40:00,
C1.3, 2016-05-24, 2546, 10:16:00, 10:20:00,
C1.3, 2016-05-15, 2544, 09:48:00, 09:51:00,
C1.3, 2016-05-15, 2544, 04:57:00, 05:02:00,
C1.3, 2016-05-04, 2535, 13:41:00, 13:51:00,
C1.3, 2016-04-14, 2529, 17:59:00, 18:07:00,
C1.3, 2016-04-11, 2529, 23:56:00, 00:06:00,
C1.3, 2016-02-17, 2497, 12:28:00, 12:40:00,
C1.3, 2016-02-14, 2500, 01:18:00, 01:21:00,
C1.3, 2016-02-13, 2497, 08:25:00, 08:31:00,
C1.3, 2016-02-10, 2497, 15:12:00, 15:22:00,
C1.3, 2016-01-21, 2488, 05:36:00, 05:44:00,
C1.3, 2016-01-20, 2487, 14:25:00, 14:32:00,
C1.3, 2016-01-20, 2484, 07:30:00, 07:34:00,
C1.3, 2015-12-23, 2473, 17:37:00, 17:44:00,
C1.3, 2015-12-21, 2473, 15:39:00, 16:37:00,
C1.3, 2015-12-17, 2470, 05:29:00, 05:33:00,
C1.3, 2015-12-12, 2466, 09:18:00, 09:25:00,
C1.3, 2015-11-22, 2454, 18:57:00, 19:00:00,
C1.3, 2015-11-09, 2443, 16:30:00, 16:33:00,
C1.3, 2015-11-01, 2443, 12:03:00, 12:06:00,
C1.3, 2015-10-29, 2443, 10:31:00, 10:38:00,
C1.3, 2015-10-24, 2434, 21:21:00, 21:30:00,
C1.3, 2015-10-19, 2436, 17:41:00, 17:48:00,
C1.3, 2015-10-18, 2436, 07:24:00, 07:30:00,
C1.3, 2015-10-17, 2434, 02:43:00, 02:48:00,
C1.3, 2015-10-03, 2427, 03:14:00, 03:21:00,
C1.2, 2017-04-08, 2645, 08:47:00, 09:05:00,
C1.2, 2017-04-02, 2644, 04:55:00, 04:58:00,
C1.2, 2017-01-21, 2628, 06:23:00, 06:29:00,
C1.2, 2016-12-05, 2615, 05:57:00, 06:07:00,
C1.2, 2016-12-04, 2615, 07:15:00, 07:23:00,
C1.2, 2016-07-24, 2567, 00:50:00, 00:55:00,
C1.2, 2016-07-22, 2567, 07:23:00, 07:26:00,
C1.2, 2016-07-21, 2567, 17:00:00, 17:04:00,
C1.2, 2016-07-21, 2567, 15:38:00, 15:42:00,
C1.2, 2016-05-17, 2542, 04:00:00, 04:08:00,
C1.2, 2016-05-15, 2544, 11:51:00, 11:59:00,
C1.2, 2016-04-30, 2539, 10:40:00, 10:47:00,
C1.2, 2016-03-20, 2521, 00:40:00, 00:49:00,
C1.2, 2016-03-15, 2521, 09:23:00, 09:29:00,
C1.2, 2016-02-18, 2497, 19:59:00, 20:25:00,
C1.2, 2016-02-17, 2503, 17:45:00, 17:51:00,
C1.2, 2016-02-17, 2497, 11:30:00, 11:34:00,
C1.2, 2016-02-16, 2497, 16:47:00, 16:50:00,
C1.2, 2016-02-15, 2497, 20:53:00, 20:58:00,
C1.2, 2016-02-12, 2497, 00:49:00, 00:53:00,
C1.2, 2016-01-29, 2488, 16:33:00, 16:41:00,
C1.2, 2015-12-26, 2473, 11:55:00, 12:03:00,
C1.2, 2015-12-20, 2470, 10:26:00, 10:38:00,
C1.2, 2015-12-15, 2468, 21:33:00, 22:00:00,
C1.2, 2015-12-09, 2466, 12:07:00, 12:12:00,
C1.2, 2015-12-09, 2466, 10:49:00, 11:00:00,
C1.2, 2015-12-03, 2458, 06:01:00, 06:28:00,
C1.2, 2015-11-22, 2454, 03:17:00, 03:21:00,
C1.2, 2015-11-13, 2452, 01:20:00, 01:28:00,
C1.2, 2015-11-02, 2445, 06:03:00, 06:07:00,
C1.2, 2015-10-28, 2437, 05:53:00, 06:06:00,
C1.2, 2015-10-20, 2437, 03:56:00, 04:04:00,
C1.2, 2015-10-19, 2436, 09:33:00, 09:37:00,
C1.2, 2015-10-13, 2434, 02:56:00, 03:03:00,
C1.1, 2017-04-08, 2645, 02:55:00, 03:09:00,
C1.1, 2017-04-06, 2645, 10:15:00, 10:26:00,
C1.1, 2017-04-05, 2645, 04:51:00, 04:55:00,
C1.1, 2017-04-04, 2645, 19:21:00, 19:25:00,
C1.1, 2017-04-04, 2644, 06:09:00, 06:16:00,
C1.1, 2017-03-31, 2645, 22:54:00, 23:01:00,
C1.1, 2017-03-28, 2645, 07:12:00, 07:19:00,
C1.1, 2017-03-28, 2644, 00:19:00, 00:27:00,
C1.1, 2017-02-24, 2638, 00:04:00, 00:12:00,
C1.1, 2017-02-09, 2635, 06:55:00, 07:02:00,
C1.1, 2017-02-09, 2635, 01:45:00, 01:51:00,
C1.1, 2017-01-21, 2628, 10:19:00, 10:23:00,
C1.1, 2016-12-04, 2615, 02:47:00, 02:51:00,
C1.1, 2016-11-29, 2615, 16:36:00, 16:41:00,
C1.1, 2016-10-12, 2599, 11:51:00, 11:55:00,
C1.1, 2016-08-31, 2585, 08:12:00, 08:19:00,
C1.1, 2016-08-29, 2583, 17:33:00, 17:36:00,
C1.1, 2016-08-15, 2578, 00:17:00, 00:23:00,
C1.1, 2016-07-23, 2567, 10:20:00, 10:32:00,
C1.1, 2016-07-16, 2567, 10:26:00, 10:33:00,
C1.1, 2016-07-16, 2567, 05:57:00, 06:00:00,
C1.1, 2016-06-09, 2552, 15:03:00, 15:14:00,
C1.1, 2016-05-26, 2548, 13:31:00, 13:36:00,
C1.1, 2016-05-15, 2544, 13:55:00, 14:00:00,
C1.1, 2016-04-28, 2535, 03:36:00, 03:42:00,
C1.1, 2016-04-11, 2529, 01:34:00, 02:02:00,
C1.1, 2016-04-10, 2529, 00:31:00, 00:44:00,
C1.1, 2016-04-08, 2529, 16:31:00, 16:38:00,
C1.1, 2016-03-23, 2524, 02:59:00, 03:54:00,
C1.1, 2016-03-12, 2513, 06:15:00, 06:19:00,
C1.1, 2016-03-04, 2506, 08:28:00, 09:00:00,
C1.1, 2016-02-18, 2497, 16:07:00, 16:44:00,
C1.1, 2016-02-16, 2497, 07:49:00, 07:54:00,
C1.1, 2016-02-13, 2497, 21:29:00, 21:34:00,
C1.1, 2016-02-07, 2496, 10:29:00, 10:35:00,
C1.1, 2016-02-06, 2494, 02:40:00, 03:11:00,
C1.1, 2016-02-05, 2496, 13:05:00, 13:11:00,
C1.1, 2016-02-04, 2490, 19:46:00, 19:55:00,
C1.1, 2016-02-04, 2490, 07:09:00, 07:13:00,
C1.1, 2016-02-03, 2493, 22:05:00, 22:10:00,
C1.1, 2016-01-21, 2484, 08:01:00, 08:13:00,
C1.1, 2016-01-15, 2480, 21:59:00, 22:03:00,
C1.1, 2015-12-30, 2473, 18:59:00, 19:05:00,
C1.1, 2015-12-25, 2473, 13:07:00, 13:14:00,
C1.1, 2015-12-21, 2470, 22:23:00, 22:26:00,
C1.1, 2015-12-19, 2469, 16:58:00, 17:10:00,
C1.1, 2015-12-12, 2470, 19:32:00, 19:45:00,
C1.1, 2015-12-07, 2465, 03:49:00, 04:19:00,
C1.1, 2015-12-06, 2463, 20:49:00, 21:08:00,
C1.1, 2015-11-21, 2457, 22:15:00, 22:21:00,
C1.1, 2015-11-17, 2454, 15:51:00, 15:54:00,
C1.1, 2015-11-10, 2443, 01:54:00, 01:59:00,
C1.1, 2015-11-04, 2443, 10:28:00, 10:32:00,
C1.1, 2015-11-04, 2443, 02:01:00, 02:18:00,
C1.1, 2015-11-01, 2443, 09:17:00, 09:21:00,
C1.1, 2015-10-29, 2443, 14:02:00, 14:06:00,
C1.1, 2015-10-29, 2443, 07:15:00, 07:18:00,
C1.1, 2015-10-29, 2440, 01:03:00, 01:25:00,
C1.1, 2015-10-21, 2436, 14:28:00, 14:31:00,
C1.1, 2015-10-20, 2437, 13:56:00, 13:59:00,
C1.1, 2015-10-16, 2434, 21:53:00, 21:58:00,
C1.1, 2015-10-16, 2434, 17:54:00, 17:59:00,
C1.1, 2015-10-15, 2434, 19:27:00, 19:32:00,
C1.1, 2015-10-15, 2434, 13:12:00, 13:25:00,
C1.1, 2015-10-15, 2434, 12:22:00, 12:28:00,
C1.1, 2015-10-15, 2434, 07:40:00, 07:46:00,
C1.1, 2015-10-03, 2422, 15:12:00, 15:20:00,
C1.1, 2015-10-03, 2420, 16:23:00, 16:44:00,
C1.0, 2017-05-28, 2659, 23:05:00, 23:13:00,
C1.0, 2017-04-05, 2645, 08:37:00, 09:37:00,
C1.0, 2017-04-04, 2645, 16:14:00, 16:17:00,
C1.0, 2017-04-02, 2645, 02:06:00, 02:10:00,
C1.0, 2017-03-28, 2645, 09:55:00, 10:01:00,
C1.0, 2017-01-21, 2628, 09:40:00, 09:46:00,
C1.0, 2016-11-30, 2615, 15:00:00, 15:07:00,
C1.0, 2016-09-29, 2597, 07:33:00, 07:48:00,
C1.0, 2016-08-30, 2585, 09:58:00, 10:06:00,
C1.0, 2016-08-28, 2583, 21:25:00, 21:28:00,
C1.0, 2016-08-07, 2572, 20:00:00, 20:11:00,
C1.0, 2016-07-24, 2567, 10:28:00, 10:32:00,
C1.0, 2016-07-23, 2567, 09:04:00, 09:11:00,
C1.0, 2016-07-21, 2567, 09:40:00, 09:44:00,
C1.0, 2016-07-19, 2565, 00:13:00, 00:22:00,
C1.0, 2016-07-17, 2565, 16:34:00, 17:10:00,
C1.0, 2016-07-16, 2567, 09:19:00, 09:45:00,
C1.0, 2016-07-16, 2567, 01:13:00, 01:19:00,
C1.0, 2016-05-30, 2550, 13:18:00, 13:24:00,
C1.0, 2016-05-26, 2546, 13:45:00, 13:51:00,
C1.0, 2016-05-21, 2546, 13:55:00, 14:00:00,
C1.0, 2016-05-16, 2544, 00:51:00, 00:58:00,
C1.0, 2016-04-19, 2529, 22:52:00, 23:02:00,
C1.0, 2016-04-11, 2529, 18:28:00, 18:34:00,
C1.0, 2016-03-15, 2521, 15:32:00, 15:38:00,
C1.0, 2016-02-26, 2506, 09:43:00, 09:51:00,
C1.0, 2016-02-18, 2497, 04:01:00, 04:10:00,
C1.0, 2016-02-17, 2497, 10:59:00, 11:04:00,
C1.0, 2016-02-17, 2497, 04:20:00, 04:23:00,
C1.0, 2016-02-14, 2497, 08:30:00, 08:33:00,
C1.0, 2016-02-06, 2494, 19:33:00, 19:38:00,
C1.0, 2016-02-04, 2494, 02:11:00, 02:15:00,
C1.0, 2016-02-03, 2492, 12:03:00, 12:23:00,
C1.0, 2016-01-27, 2489, 13:26:00, 13:30:00,
C1.0, 2016-01-25, 2489, 10:27:00, 10:33:00,
C1.0, 2016-01-15, 2480, 12:10:00, 12:16:00,
C1.0, 2016-01-07, 2480, 06:11:00, 06:17:00,
C1.0, 2015-12-25, 2473, 12:33:00, 12:45:00,
C1.0, 2015-12-21, 2472, 09:00:00, 09:04:00,
C1.0, 2015-12-14, 2469, 00:06:00, 00:14:00,
C1.0, 2015-12-12, 2470, 15:19:00, 15:22:00,
C1.0, 2015-12-08, 2463, 17:05:00, 17:24:00,
C1.0, 2015-12-07, 2463, 22:39:00, 22:50:00,
C1.0, 2015-12-04, 2463, 05:26:00, 05:34:00,
C1.0, 2015-12-01, 2458, 04:03:00, 04:08:00,
C1.0, 2015-11-30, 2458, 16:52:00, 17:06:00,
C1.0, 2015-11-21, 2454, 19:38:00, 19:42:00,
C1.0, 2015-11-06, 2448, 09:00:00, 09:19:00,
C1.0, 2015-11-04, 2448, 22:48:00, 22:53:00,
C1.0, 2015-11-04, 2445, 04:50:00, 04:56:00,
C1.0, 2015-11-01, 2443, 12:55:00, 12:59:00,
C1.0, 2015-10-29, 2443, 17:49:00, 17:52:00,
C1.0, 2015-10-29, 2443, 04:32:00, 04:39:00,
C1.0, 2015-10-29, 2443, 02:12:00, 02:15:00,
C1.0, 2015-10-27, 2436, 05:05:00, 05:14:00,
C1.0, 2015-10-24, 2434, 14:29:00, 15:16:00,
C1.0, 2015-10-20, 2436, 07:24:00, 07:27:00,
C1.0, 2015-10-20, 2436, 04:58:00, 05:01:00,
C1.0, 2015-10-17, 2434, 16:53:00, 16:56:00,
C1.0, 2015-10-13, 2434, 07:53:00, 08:14:00,
B9.9, 2017-05-01, 2652, 03:55:00, 04:01:00,
B9.9, 2015-11-04, 2445, 01:24:00, 01:27:00,
B9.9, 2015-10-15, 2434, 06:22:00, 06:30:00,
B9.8, 2017-04-07, 2645, 08:49:00, 08:55:00,
B9.8, 2016-08-08, 2574, 14:53:00, 15:13:00,
B9.8, 2015-11-03, 2443, 21:51:00, 21:56:00,
B9.8, 2015-09-25, 2422, 16:58:00, 17:01:00,
B9.7, 2016-09-22, 2595, 06:44:00, 06:50:00,
B9.7, 2016-06-11, 2552, 20:50:00, 20:57:00,
B9.7, 2015-08-25, 2403, 15:37:00, 15:40:00,
B9.6, 2017-04-22, 2651, 00:22:00, 00:34:00,
B9.6, 2016-07-24, 2567, 11:56:00, 12:02:00,
B9.6, 2016-04-17, 2529, 00:53:00, 00:57:00,
B9.6, 2016-01-20, 2487, 11:15:00, 11:19:00,
B9.6, 2015-11-04, 2445, 09:21:00, 09:25:00,
B9.6, 2015-09-25, 2422, 02:17:00, 02:23:00,
B9.6, 2015-09-14, 2415, 17:36:00, 17:43:00,
B9.5, 2015-08-28, 2403, 17:15:00, 17:19:00,
B9.5, 2015-08-25, 2403, 13:56:00, 14:02:00,
B9.4, 2016-10-14, 2599, 11:19:00, 11:26:00,
B9.4, 2016-05-09, 2541, 05:11:00, 05:23:00,
B9.4, 2015-10-16, 2434, 04:45:00, 04:49:00,
B9.3, 2017-02-27, 2641, 20:07:00, 20:17:00,
B9.3, 2016-06-13, 2554, 04:04:00, 04:15:00,
B9.3, 2015-09-16, 2415, 13:38:00, 13:41:00,
B9.2, 2017-05-27, 2659, 17:47:00, 18:30:00,
B9.2, 2016-09-10, 2591, 18:53:00, 19:22:00,
B9.2, 2016-09-04, 2585, 18:04:00, 18:17:00,
B9.2, 2016-07-24, 2567, 11:35:00, 11:41:00,
B9.2, 2016-06-13, 2552, 04:35:00, 04:49:00,
B9.2, 2015-11-01, 2443, 10:18:00, 10:21:00,
B9.2, 2015-10-25, 2434, 04:57:00, 05:16:00,
B9.2, 2015-08-25, 2403, 02:00:00, 02:03:00,
B9.1, 2017-04-05, 2645, 17:34:00, 17:40:00,
B9.1, 2017-03-28, 2645, 00:50:00, 00:53:00,
B9.1, 2016-09-02, 2585, 04:38:00, 04:41:00,
B9.1, 2016-07-22, 2567, 11:14:00, 11:31:00,
B9.1, 2016-07-08, 2564, 02:34:00, 03:16:00,
B9.1, 2016-02-09, 2494, 19:26:00, 19:39:00,
B9.1, 2015-09-20, 2420, 13:49:00, 13:54:00,
B9.1, 2015-09-18, 2415, 13:05:00, 13:13:00,
B9.1, 2015-08-29, 2403, 03:01:00, 03:04:00,
B9.1, 2015-08-25, 2403, 22:01:00, 22:17:00,
B9.0, 2016-05-15, 2544, 03:40:00, 03:45:00,
B9.0, 2016-05-14, 2544, 09:39:00, 09:52:00,
B9.0, 2015-10-23, 2436, 14:28:00, 14:35:00,
B8.9, 2016-09-02, 2585, 18:46:00, 18:49:00,
B8.8, 2016-08-06, 2571, 23:58:00, 00:28:00,
B8.8, 2016-08-05, 2572, 00:39:00, 00:44:00,
B8.8, 2015-10-14, 2434, 07:48:00, 07:53:00,
B8.8, 2015-09-23, 2422, 17:35:00, 17:42:00,
B8.7, 2015-10-14, 2434, 23:33:00, 23:39:00,
B8.7, 2015-09-15, 2415, 00:18:00, 00:21:00,
B8.7, 2015-08-25, 2403, 03:26:00, 03:30:00,
B8.6, 2016-10-14, 2602, 08:53:00, 09:00:00,
B8.6, 2016-04-13, 2529, 07:35:00, 07:57:00,
B8.6, 2016-01-15, 2480, 19:56:00, 20:02:00,
B8.6, 2015-09-26, 2422, 06:33:00, 06:38:00,
B8.6, 2015-08-25, 2403, 19:47:00, 19:50:00,
B8.5, 2017-01-25, 2629, 21:22:00, 21:28:00,
B8.5, 2015-10-20, 2436, 13:23:00, 13:26:00,
B8.5, 2015-10-03, 2427, 23:07:00, 23:12:00,
B8.5, 2015-09-17, 2415, 15:50:00, 15:55:00,
B8.5, 2015-08-25, 2403, 05:46:00, 05:50:00,
B8.4, 2017-04-06, 2645, 07:23:00, 07:32:00,
B8.4, 2017-03-27, 2645, 20:37:00, 20:47:00,
B8.4, 2017-01-21, 2628, 07:02:00, 07:05:00,
B8.4, 2016-05-14, 2543, 17:37:00, 17:41:00,
B8.4, 2016-04-17, 2529, 16:48:00, 17:02:00,
B8.4, 2016-01-20, 2484, 09:11:00, 09:18:00,
B8.4, 2015-09-25, 2422, 22:30:00, 22:38:00,
B8.3, 2016-12-26, 2621, 20:56:00, 21:01:00,
B8.3, 2016-09-08, 2585, 04:43:00, 04:47:00,
B8.3, 2016-04-15, 2529, 09:25:00, 09:28:00,
B8.3, 2015-10-16, 2434, 09:58:00, 10:02:00,
B8.2, 2016-09-08, 2585, 19:13:00, 19:17:00,
B8.2, 2016-05-11, 2542, 14:14:00, 14:22:00,
B8.2, 2015-08-25, 2403, 02:12:00, 02:18:00,
B8.1, 2017-04-01, 2645, 15:23:00, 15:49:00,
B8.1, 2016-08-16, 2578, 08:08:00, 08:18:00,
B8.1, 2016-05-09, 2543, 23:33:00, 23:43:00,
B8.0, 2017-05-28, 2659, 10:46:00, 10:51:00,
B8.0, 2017-04-20, 2651, 06:49:00, 06:56:00,
B8.0, 2015-10-21, 2436, 01:46:00, 01:49:00,
B8.0, 2015-10-15, 2434, 03:38:00, 03:45:00,
B8.0, 2015-09-17, 2415, 22:33:00, 22:37:00,
B7.9, 2016-09-09, 2588, 03:02:00, 03:23:00,
B7.9, 2016-07-15, 2567, 16:42:00, 16:45:00,
B7.9, 2016-04-17, 2529, 03:57:00, 04:01:00,
B7.9, 2015-10-03, 2427, 20:26:00, 20:32:00,
B7.9, 2015-09-17, 2415, 12:22:00, 12:28:00,
B7.8, 2016-11-29, 2615, 15:47:00, 15:56:00,
B7.8, 2016-08-08, 2571, 01:19:00, 01:23:00,
B7.8, 2016-07-23, 2567, 23:06:00, 23:11:00,
B7.8, 2015-10-16, 2434, 19:49:00, 19:52:00,
B7.7, 2017-02-28, 2641, 11:42:00, 11:51:00,
B7.7, 2016-07-15, 2567, 17:12:00, 17:15:00,
B7.7, 2016-04-15, 2529, 12:37:00, 12:42:00,
B7.7, 2016-04-15, 2529, 06:14:00, 06:26:00,
B7.7, 2015-10-24, 2436, 13:20:00, 13:30:00,
B7.7, 2015-09-15, 2415, 01:55:00, 01:59:00,
B7.6, 2017-01-21, 2628, 03:00:00, 03:05:00,
B7.6, 2016-07-22, 2567, 23:09:00, 23:15:00,
B7.6, 2016-07-08, 2564, 23:05:00, 23:11:00,
B7.6, 2016-05-14, 2542, 07:44:00, 07:52:00,
B7.6, 2015-10-20, 2436, 12:26:00, 12:29:00,
B7.6, 2015-10-14, 2432, 15:46:00, 15:54:00,
B7.6, 2015-08-25, 2403, 01:40:00, 01:46:00,
B7.5, 2017-04-17, 2651, 21:21:00, 21:42:00,
B7.5, 2016-11-29, 2615, 16:18:00, 16:23:00,
B7.5, 2016-10-16, 2599, 11:27:00, 11:35:00,
B7.5, 2016-09-28, 2597, 17:02:00, 17:07:00,
B7.5, 2015-11-05, 2443, 19:57:00, 20:09:00,
B7.4, 2017-04-01, 2644, 18:07:00, 18:10:00,
B7.4, 2016-07-15, 2567, 05:06:00, 05:12:00,
B7.4, 2016-05-13, 2544, 16:16:00, 16:21:00,
B7.2, 2017-05-27, 2659, 22:08:00, 22:11:00,
B7.2, 2017-04-19, 2651, 16:32:00, 16:36:00,
B7.2, 2016-09-21, 2595, 14:29:00, 14:38:00,
B7.2, 2016-09-21, 2593, 13:34:00, 13:38:00,
B7.2, 2016-04-14, 2531, 01:50:00, 01:54:00,
B7.2, 2015-10-26, 2436, 01:00:00, 01:12:00,
B7.2, 2015-10-04, 2427, 16:13:00, 16:18:00,
B7.1, 2017-04-17, 2651, 07:13:00, 07:21:00,
B7.1, 2017-01-21, 2628, 02:28:00, 02:31:00,
B7.1, 2016-09-03, 2585, 05:25:00, 05:30:00,
B7.1, 2016-07-15, 2567, 18:30:00, 18:33:00,
B7.1, 2015-08-27, 2403, 17:10:00, 17:34:00,
B7.0, 2017-03-28, 2645, 09:01:00, 09:10:00,
B7.0, 2016-08-12, 2574, 06:50:00, 06:58:00,
B7.0, 2016-05-17, 2542, 07:50:00, 07:54:00,
B7.0, 2016-04-14, 2529, 21:45:00, 21:52:00,
B6.9, 2017-04-18, 2651, 06:31:00, 06:40:00,
B6.9, 2016-09-24, 2597, 18:10:00, 18:16:00,
B6.9, 2016-04-30, 2537, 20:04:00, 20:22:00,
B6.9, 2015-09-23, 2422, 12:56:00, 13:00:00,
B6.8, 2017-03-27, 2644, 23:41:00, 23:45:00,
B6.8, 2017-02-22, 2638, 01:40:00, 01:51:00,
B6.8, 2016-09-22, 2595, 01:17:00, 01:23:00,
B6.8, 2016-09-18, 2592, 10:41:00, 11:00:00,
B6.8, 2016-07-22, 2567, 08:30:00, 08:34:00,
B6.8, 2016-05-09, 2542, 17:39:00, 17:48:00,
B6.8, 2016-04-15, 2529, 08:11:00, 08:15:00,
B6.8, 2015-10-25, 2434, 05:48:00, 05:55:00,
B6.7, 2017-05-28, 2659, 06:34:00, 06:39:00,
B6.7, 2016-09-27, 2597, 17:57:00, 18:03:00,
B6.7, 2016-09-22, 2595, 05:10:00, 05:15:00,
B6.7, 2016-02-09, 2492, 12:24:00, 12:28:00,
B6.7, 2015-09-11, 2415, 12:52:00, 13:12:00,
B6.6, 2017-05-28, 2659, 11:39:00, 11:47:00,
B6.6, 2017-03-28, 2644, 03:52:00, 03:57:00,
B6.6, 2017-03-28, 2644, 01:52:00, 02:00:00,
B6.6, 2016-09-07, 2585, 10:35:00, 10:40:00,
B6.6, 2016-08-26, 2579, 06:50:00, 07:02:00,
B6.6, 2016-07-24, 2567, 03:48:00, 03:52:00,
B6.6, 2016-04-19, 2529, 12:49:00, 12:57:00,
B6.6, 2016-01-20, 2484, 04:40:00, 04:46:00,
B6.6, 2015-09-24, 2421, 04:47:00, 04:51:00,
B6.5, 2017-03-29, 2644, 23:19:00, 23:32:00,
B6.5, 2017-01-25, 2629, 15:19:00, 15:31:00,
B6.5, 2016-09-22, 2595, 00:55:00, 00:59:00,
B6.5, 2015-09-17, 2415, 11:11:00, 11:15:00,
B6.4, 2017-04-01, 2645, 04:12:00, 04:15:00,
B6.4, 2016-09-05, 2585, 09:07:00, 09:12:00,
B6.4, 2016-09-03, 2585, 00:42:00, 01:03:00,
B6.4, 2015-10-13, 2434, 23:34:00, 23:40:00,
B6.4, 2015-09-24, 2422, 03:02:00, 03:14:00,
B6.4, 2015-09-13, 2414, 04:15:00, 04:20:00,
B6.3, 2016-07-08, 2562, 06:09:00, 06:24:00,
B6.3, 2016-05-14, 2543, 10:52:00, 10:56:00,
B6.3, 2015-09-26, 2422, 06:11:00, 06:14:00,
B6.3, 2015-09-23, 2422, 22:27:00, 22:32:00,
B6.3, 2015-09-21, 2420, 03:29:00, 03:33:00,
B6.2, 2017-04-21, 2651, 12:06:00, 12:16:00,
B6.2, 2016-09-23, 2592, 04:38:00, 05:25:00,
B6.2, 2016-07-23, 2567, 21:53:00, 22:00:00,
B6.2, 2016-04-30, 2537, 07:40:00, 07:47:00,
B6.2, 2016-02-09, 2498, 21:51:00, 22:05:00,
B6.2, 2015-10-15, 2434, 10:11:00, 10:15:00,
B6.1, 2017-02-09, 2635, 05:31:00, 05:42:00,
B6.1, 2017-02-09, 2635, 02:56:00, 03:09:00,
B6.1, 2016-11-15, 2610, 00:28:00, 00:35:00,
B6.1, 2016-10-04, 2598, 03:53:00, 04:09:00,
B6.1, 2016-05-17, 2544, 07:38:00, 07:42:00,
B6.1, 2016-05-15, 2544, 14:44:00, 14:48:00,
B6.1, 2016-05-14, 2543, 06:18:00, 06:22:00,
B6.1, 2015-09-24, 2421, 11:31:00, 11:35:00,
B6.1, 2015-09-13, 2414, 05:20:00, 05:24:00,
B6.0, 2016-11-22, 2612, 23:45:00, 00:10:00,
B6.0, 2016-05-16, 2545, 04:38:00, 04:42:00,
B6.0, 2016-04-13, 2529, 11:53:00, 11:58:00,
B6.0, 2015-09-15, 2415, 05:56:00, 06:00:00,
B5.9, 2016-11-29, 2615, 18:58:00, 19:01:00,
B5.9, 2016-11-29, 2615, 03:33:00, 03:40:00,
B5.9, 2016-09-02, 2585, 13:36:00, 13:39:00,
B5.9, 2016-09-02, 2585, 06:16:00, 06:20:00,
B5.9, 2016-07-15, 2565, 03:51:00, 03:54:00,
B5.9, 2016-06-11, 2552, 15:13:00, 15:18:00,
B5.9, 2015-10-23, 2436, 06:36:00, 06:41:00,
B5.9, 2015-10-15, 2434, 08:29:00, 09:04:00,
B5.9, 2015-09-24, 2421, 18:49:00, 18:54:00,
B5.8, 2017-02-23, 2638, 20:17:00, 20:24:00,
B5.8, 2016-09-01, 2585, 02:27:00, 02:31:00,
B5.8, 2016-08-26, 2579, 01:28:00, 01:37:00,
B5.8, 2016-05-14, 2543, 00:51:00, 00:54:00,
B5.8, 2015-10-24, 2434, 12:26:00, 12:29:00,
B5.8, 2015-09-19, 2415, 11:14:00, 11:20:00,
B5.8, 2015-09-14, 2415, 22:14:00, 22:19:00,
B5.7, 2017-04-17, 2651, 18:46:00, 18:53:00,
B5.7, 2016-08-10, 2574, 01:49:00, 02:12:00,
B5.7, 2016-05-11, 2542, 10:56:00, 10:59:00,
B5.7, 2016-04-30, 2539, 14:42:00, 14:51:00,
B5.7, 2016-04-18, 2529, 14:44:00, 14:52:00,
B5.7, 2015-09-20, 2415, 12:25:00, 12:28:00,
B5.7, 2015-09-14, 2415, 00:37:00, 00:42:00,
B5.6, 2017-04-18, 2651, 05:31:00, 05:37:00,
B5.6, 2016-10-05, 2598, 01:10:00, 01:14:00,
B5.6, 2016-08-30, 2585, 02:40:00, 02:45:00,
B5.6, 2016-08-11, 2574, 08:34:00, 08:38:00,
B5.6, 2016-07-22, 2567, 22:26:00, 22:30:00,
B5.6, 2016-02-09, 2492, 17:44:00, 17:47:00,
B5.6, 2016-02-09, 2492, 11:58:00, 12:06:00,
B5.6, 2015-11-08, 2449, 02:32:00, 02:35:00,
B5.5, 2017-04-06, 2645, 17:21:00, 17:27:00,
B5.5, 2017-03-27, 2644, 19:44:00, 20:02:00,
B5.5, 2016-11-29, 2615, 05:40:00, 05:45:00,
B5.5, 2016-08-07, 2571, 13:10:00, 13:13:00,
B5.5, 2016-08-07, 2571, 01:54:00, 01:58:00,
B5.5, 2016-07-08, 2564, 19:45:00, 19:50:00,
B5.5, 2015-09-15, 2415, 01:16:00, 01:20:00,
B5.4, 2017-04-19, 2651, 10:01:00, 10:05:00,
B5.4, 2017-02-20, 2638, 13:43:00, 13:48:00,
B5.4, 2017-01-27, 2627, 10:38:00, 10:45:00,
B5.4, 2017-01-21, 2628, 02:10:00, 02:17:00,
B5.4, 2016-11-29, 2615, 10:08:00, 10:14:00,
B5.4, 2016-04-19, 2529, 12:18:00, 12:34:00,
B5.4, 2015-09-24, 2422, 22:54:00, 23:06:00,
B5.4, 2015-09-23, 2422, 15:39:00, 15:43:00,
B5.4, 2015-09-21, 2420, 18:52:00, 18:53:00,
B5.3, 2017-01-20, 2628, 10:37:00, 10:46:00,
B5.3, 2016-12-04, 2615, 01:53:00, 01:57:00,
B5.3, 2016-10-12, 2601, 05:34:00, 05:37:00,
B5.3, 2016-10-08, 2598, 02:15:00, 02:19:00,
B5.3, 2016-09-28, 2597, 17:43:00, 17:46:00,
B5.3, 2016-09-19, 2592, 07:32:00, 07:42:00,
B5.3, 2016-09-10, 2585, 08:18:00, 08:23:00,
B5.3, 2016-07-15, 2567, 14:23:00, 14:26:00,
B5.3, 2016-05-12, 2544, 12:20:00, 12:23:00,
B5.3, 2015-09-21, 2415, 14:47:00, 14:50:00,
B5.2, 2017-01-24, 2629, 17:47:00, 17:55:00,
B5.2, 2016-08-05, 2572, 02:19:00, 02:24:00,
B5.2, 2016-04-30, 2536, 12:10:00, 12:17:00,
B5.2, 2016-01-20, 2484, 08:45:00, 08:49:00,
B5.1, 2017-04-01, 2645, 03:47:00, 03:51:00,
B5.1, 2017-01-21, 2628, 14:08:00, 14:11:00,
B5.1, 2017-01-21, 2628, 09:12:00, 09:17:00,
B5.1, 2016-10-09, 2598, 18:58:00, 19:03:00,
B5.1, 2016-09-25, 2597, 23:25:00, 23:37:00,
B5.1, 2016-09-08, 2585, 06:04:00, 06:09:00,
B5.1, 2016-05-16, 2544, 15:47:00, 15:50:00,
B5.1, 2016-04-18, 2529, 17:55:00, 18:00:00,
B5.1, 2016-04-14, 2529, 20:16:00, 20:29:00,
B5.1, 2016-01-15, 2480, 13:25:00, 13:28:00,
B5.1, 2015-10-07, 2427, 07:52:00, 07:58:00,
B5.1, 2015-09-24, 2421, 07:58:00, 08:01:00,
B5.0, 2017-04-01, 2647, 01:38:00, 01:47:00,
B5.0, 2017-03-31, 2645, 03:39:00, 03:46:00,
B5.0, 2016-09-26, 2597, 06:43:00, 06:46:00,
B5.0, 2016-06-13, 2554, 02:49:00, 02:53:00,
B5.0, 2016-04-18, 2529, 13:18:00, 13:34:00,
B5.0, 2015-09-02, 2407, 07:50:00, 07:55:00,
B4.9, 2017-04-08, 2645, 19:18:00, 19:29:00,
B4.9, 2017-02-22, 2638, 21:07:00, 21:13:00,
B4.9, 2016-10-14, 2602, 13:28:00, 13:31:00,
B4.9, 2016-06-13, 2552, 01:45:00, 01:53:00,
B4.9, 2016-06-10, 2552, 20:48:00, 21:04:00,
B4.9, 2016-05-13, 2544, 22:33:00, 22:38:00,
B4.9, 2016-04-14, 2529, 23:00:00, 23:02:00,
B4.8, 2017-04-10, 2650, 18:16:00, 18:23:00,
B4.8, 2017-04-06, 2645, 21:06:00, 21:16:00,
B4.8, 2017-04-02, 2644, 00:26:00, 00:29:00,
B4.8, 2017-02-23, 2638, 10:42:00, 10:54:00,
B4.8, 2016-10-02, 2598, 04:49:00, 04:59:00,
B4.8, 2016-09-10, 2591, 18:54:00, 18:58:00,
B4.8, 2016-08-12, 2574, 11:53:00, 12:22:00,
B4.8, 2016-07-24, 2567, 22:54:00, 22:58:00,
B4.8, 2016-04-30, 2537, 16:51:00, 17:12:00,
B4.8, 2016-04-14, 2529, 14:37:00, 14:59:00,
B4.8, 2016-01-20, 2487, 17:04:00, 17:09:00,
B4.7, 2017-05-05, 2655, 04:18:00, 04:37:00,
B4.7, 2017-04-06, 2645, 22:59:00, 23:04:00,
B4.7, 2017-01-25, 2629, 02:15:00, 02:20:00,
B4.7, 2016-11-30, 2615, 02:48:00, 02:53:00,
B4.7, 2016-11-28, 2611, 03:35:00, 03:39:00,
B4.7, 2016-09-22, 2595, 09:47:00, 10:26:00,
B4.7, 2016-09-22, 2595, 03:23:00, 03:27:00,
B4.7, 2016-08-10, 2574, 11:21:00, 11:25:00,
B4.7, 2016-07-08, 2561, 17:31:00, 17:36:00,
B4.7, 2016-05-16, 2545, 05:34:00, 05:38:00,
B4.7, 2016-05-12, 2542, 16:06:00, 16:10:00,
B4.7, 2016-04-30, 2536, 12:32:00, 12:35:00,
B4.7, 2016-04-30, 2535, 04:29:00, 04:34:00,
B4.7, 2015-09-22, 2420, 15:40:00, 15:44:00,
B4.6, 2017-01-25, 2629, 16:48:00, 16:53:00,
B4.6, 2016-10-10, 2598, 01:17:00, 01:25:00,
B4.6, 2016-09-22, 2595, 03:42:00, 04:08:00,
B4.6, 2016-09-22, 2595, 00:24:00, 00:29:00,
B4.6, 2016-06-11, 2552, 08:18:00, 08:23:00,
B4.6, 2016-05-16, 2544, 22:17:00, 22:21:00,
B4.6, 2016-05-13, 2544, 20:47:00, 20:50:00,
B4.6, 2015-10-13, 2434, 13:12:00, 13:16:00,
B4.5, 2017-04-26, 2653, 17:36:00, 17:48:00,
B4.5, 2017-03-29, 2645, 01:26:00, 01:40:00,
B4.5, 2017-02-20, 2638, 11:22:00, 11:29:00,
B4.5, 2016-09-19, 2595, 19:46:00, 19:53:00,
B4.5, 2016-08-12, 2574, 10:11:00, 10:16:00,
B4.5, 2016-08-12, 2574, 04:12:00, 04:21:00,
B4.5, 2016-06-11, 2552, 20:37:00, 20:41:00,
B4.5, 2016-02-24, 2506, 17:17:00, 17:20:00,
B4.5, 2015-10-14, 2434, 07:09:00, 07:12:00,
B4.5, 2015-09-22, 2420, 14:57:00, 15:01:00,
B4.5, 2015-09-13, 2415, 12:35:00, 12:39:00,
B4.5, 2015-08-31, 2405, 14:27:00, 14:38:00,
B4.4, 2017-05-23, 2660, 14:04:00, 14:21:00,
B4.4, 2017-02-23, 2638, 00:45:00, 01:05:00,
B4.4, 2016-11-29, 2615, 22:34:00, 22:44:00,
B4.4, 2016-09-21, 2595, 19:45:00, 19:50:00,
B4.4, 2016-09-21, 2595, 01:43:00, 01:56:00,
B4.4, 2016-08-20, 2578, 05:51:00, 06:00:00,
B4.4, 2016-05-14, 2543, 03:42:00, 03:45:00,
B4.4, 2016-04-19, 2529, 18:12:00, 18:17:00,
B4.4, 2016-02-24, 2506, 16:41:00, 16:46:00,
B4.4, 2016-01-15, 2480, 17:41:00, 17:45:00,
B4.4, 2015-09-04, 2409, 05:13:00, 05:18:00,
B4.3, 2017-03-29, 2645, 20:26:00, 20:30:00,
B4.3, 2017-01-20, 2628, 09:33:00, 09:39:00,
B4.3, 2016-11-30, 2615, 11:45:00, 11:50:00,
B4.3, 2016-09-27, 2597, 09:51:00, 09:58:00,
B4.3, 2016-08-12, 2574, 16:23:00, 16:27:00,
B4.3, 2016-08-09, 2574, 14:39:00, 14:54:00,
B4.3, 2016-07-08, 2564, 05:16:00, 05:20:00,
B4.3, 2016-04-19, 2529, 19:26:00, 19:34:00,
B4.3, 2016-04-18, 2532, 14:11:00, 14:23:00,
B4.3, 2016-04-13, 2529, 17:03:00, 17:14:00,
B4.3, 2016-02-24, 2506, 18:40:00, 18:46:00,
B4.3, 2015-09-11, 2414, 16:43:00, 16:46:00,
B4.2, 2017-05-05, 2655, 10:25:00, 10:33:00,
B4.2, 2016-12-04, 2615, 04:24:00, 04:27:00,
B4.2, 2016-11-15, 2610, 16:53:00, 16:58:00,
B4.2, 2016-09-26, 2597, 03:53:00, 03:59:00,
B4.2, 2016-09-22, 2595, 15:30:00, 15:36:00,
B4.2, 2016-06-11, 2554, 13:24:00, 13:28:00,
B4.2, 2016-05-11, 2542, 11:19:00, 11:22:00,
B4.2, 2016-04-13, 2529, 17:26:00, 17:34:00,
B4.2, 2016-01-15, 2480, 11:35:00, 11:40:00,
B4.2, 2015-09-11, 2415, 02:39:00, 02:45:00,
B4.1, 2017-04-21, 2651, 19:35:00, 19:41:00,
B4.1, 2017-04-21, 2651, 17:23:00, 17:30:00,
B4.1, 2017-03-27, 2645, 17:39:00, 17:43:00,
B4.1, 2017-03-27, 2644, 21:37:00, 21:40:00,
B4.1, 2017-01-26, 2629, 04:06:00, 04:12:00,
B4.1, 2017-01-20, 2627, 17:09:00, 17:12:00,
B4.1, 2016-10-10, 2598, 00:54:00, 01:04:00,
B4.1, 2016-09-18, 2592, 02:44:00, 02:51:00,
B4.1, 2016-05-17, 2544, 20:07:00, 20:11:00,
B4.0, 2017-05-29, 2659, 13:18:00, 13:23:00,
B4.0, 2017-04-17, 2651, 05:54:00, 05:58:00,
B4.0, 2017-04-08, 2645, 00:38:00, 00:47:00,
B4.0, 2017-04-06, 2645, 08:39:00, 09:34:00,
B4.0, 2017-03-28, 2645, 09:38:00, 09:44:00,
B4.0, 2017-03-26, 2644, 21:21:00, 21:28:00,
B4.0, 2017-03-26, 2644, 02:29:00, 02:34:00,
B4.0, 2016-12-04, 2615, 01:22:00, 01:26:00,
B4.0, 2016-11-30, 2615, 13:12:00, 13:18:00,
B4.0, 2016-09-17, 2592, 05:55:00, 06:05:00,
B4.0, 2016-08-11, 2574, 19:24:00, 19:29:00,
B4.0, 2016-04-18, 2532, 12:30:00, 12:46:00,
B4.0, 2016-02-19, 2497, 12:36:00, 12:40:00,
B3.9, 2017-04-11, 2650, 02:56:00, 03:00:00,
B3.9, 2017-01-26, 2629, 06:08:00, 06:13:00,
B3.9, 2016-11-30, 2614, 05:22:00, 05:26:00,
B3.9, 2016-09-28, 2597, 15:55:00, 16:01:00,
B3.9, 2016-09-24, 2597, 15:40:00, 15:43:00,
B3.9, 2016-07-15, 2565, 02:23:00, 02:28:00,
B3.8, 2017-05-28, 2659, 00:55:00, 01:00:00,
B3.8, 2017-05-24, 2660, 13:31:00, 13:44:00,
B3.8, 2017-02-20, 2638, 11:51:00, 11:56:00,
B3.8, 2017-02-09, 2635, 06:05:00, 06:12:00,
B3.8, 2017-01-25, 2629, 19:22:00, 19:32:00,
B3.8, 2017-01-21, 2628, 08:58:00, 09:06:00,
B3.8, 2016-11-30, 2615, 05:06:00, 05:11:00,
B3.8, 2016-11-29, 2615, 09:53:00, 09:57:00,
B3.8, 2016-11-28, 2611, 08:40:00, 08:46:00,
B3.8, 2016-10-10, 2599, 17:36:00, 17:40:00,
B3.8, 2016-09-09, 2585, 06:56:00, 07:01:00,
B3.8, 2016-08-05, 2572, 09:20:00, 09:29:00,
B3.8, 2016-08-05, 2572, 05:10:00, 05:14:00,
B3.8, 2016-05-14, 2543, 05:34:00, 05:37:00,
B3.7, 2017-04-23, 2651, 03:02:00, 03:06:00,
B3.7, 2017-04-20, 2651, 21:17:00, 21:23:00,
B3.7, 2016-12-01, 2615, 11:40:00, 11:47:00,
B3.7, 2016-11-30, 2615, 04:38:00, 04:45:00,
B3.7, 2016-10-11, 2598, 09:45:00, 09:48:00,
B3.7, 2016-03-28, 2526, 07:52:00, 07:57:00,
B3.7, 2016-01-20, 2484, 00:58:00, 01:02:00,
B3.6, 2017-04-17, 2651, 14:40:00, 14:46:00,
B3.6, 2017-04-17, 2651, 01:28:00, 01:39:00,
B3.6, 2017-03-31, 2644, 21:09:00, 21:12:00,
B3.6, 2017-01-21, 2628, 04:02:00, 04:05:00,
B3.6, 2016-12-07, 2615, 17:52:00, 18:09:00,
B3.6, 2016-11-28, 2611, 02:05:00, 02:12:00,
B3.6, 2016-09-10, 2589, 06:59:00, 07:06:00,
B3.6, 2016-09-09, 2585, 18:37:00, 18:42:00,
B3.6, 2016-09-07, 2585, 04:11:00, 04:17:00,
B3.6, 2016-07-25, 2567, 06:51:00, 06:57:00,
B3.6, 2016-04-30, 2537, 02:46:00, 02:51:00,
B3.6, 2015-09-11, 2415, 21:03:00, 21:07:00,
B3.6, 2015-09-11, 2415, 12:25:00, 12:29:00,
B3.5, 2017-05-06, 2654, 19:55:00, 20:09:00,
B3.5, 2017-04-01, 2645, 14:59:00, 15:02:00,
B3.5, 2017-03-29, 2645, 02:18:00, 02:22:00,
B3.5, 2017-02-28, 2641, 06:23:00, 06:29:00,
B3.5, 2017-01-21, 2628, 08:23:00, 08:26:00,
B3.5, 2016-12-05, 2615, 04:00:00, 04:05:00,
B3.5, 2016-11-29, 2615, 20:49:00, 20:54:00,
B3.5, 2016-10-16, 2602, 13:29:00, 13:56:00,
B3.5, 2016-10-07, 2598, 00:36:00, 00:40:00,
B3.5, 2016-09-20, 2595, 02:45:00, 02:48:00,
B3.5, 2016-08-17, 2576, 09:56:00, 10:01:00,
B3.5, 2016-08-09, 2571, 16:27:00, 16:31:00,
B3.5, 2016-06-11, 2552, 13:55:00, 13:59:00,
B3.5, 2016-02-24, 2506, 01:13:00, 01:18:00,
B3.5, 2015-09-14, 2415, 02:51:00, 02:54:00,
B3.4, 2017-05-05, 2655, 12:23:00, 12:29:00,
B3.4, 2017-04-26, 2652, 15:28:00, 15:38:00,
B3.4, 2016-11-30, 2615, 01:00:00, 01:04:00,
B3.4, 2016-10-02, 2598, 18:53:00, 18:57:00,
B3.4, 2016-09-26, 2597, 23:46:00, 23:54:00,
B3.4, 2016-09-21, 2595, 23:44:00, 23:50:00,
B3.4, 2016-09-08, 2585, 04:14:00, 04:22:00,
B3.4, 2016-08-05, 2572, 03:50:00, 03:55:00,
B3.4, 2016-03-28, 2524, 18:38:00, 18:44:00,
B3.4, 2016-02-24, 2506, 21:24:00, 21:36:00,
B3.3, 2017-05-05, 2655, 22:50:00, 22:57:00,
B3.3, 2017-04-08, 2645, 14:14:00, 14:17:00,
B3.3, 2017-03-31, 2644, 05:45:00, 05:50:00,
B3.3, 2017-03-29, 2644, 12:59:00, 13:09:00,
B3.3, 2017-03-22, 2643, 18:21:00, 18:58:00,
B3.3, 2017-02-28, 2641, 04:30:00, 04:38:00,
B3.3, 2017-02-09, 2635, 06:31:00, 06:35:00,
B3.3, 2016-12-26, 2621, 23:25:00, 23:29:00,
B3.3, 2016-05-09, 2542, 16:17:00, 16:20:00,
B3.3, 2016-03-28, 2526, 02:54:00, 02:59:00,
B3.3, 2015-09-11, 2415, 16:23:00, 16:27:00,
B3.2, 2017-04-17, 2651, 16:24:00, 16:30:00,
B3.2, 2017-03-31, 2644, 13:39:00, 13:42:00,
B3.2, 2017-03-29, 2645, 00:38:00, 00:43:00,
B3.2, 2017-02-26, 2640, 23:11:00, 23:18:00,
B3.2, 2017-01-24, 2629, 23:44:00, 23:49:00,
B3.2, 2016-11-27, 2611, 22:00:00, 22:06:00,
B3.2, 2016-09-19, 2595, 21:06:00, 21:11:00,
B3.2, 2016-01-15, 2480, 13:52:00, 13:55:00,
B3.1, 2017-05-27, 2659, 10:22:00, 10:38:00,
B3.1, 2017-05-06, 2655, 01:04:00, 01:09:00,
B3.1, 2017-02-09, 2635, 01:35:00, 01:40:00,
B3.1, 2017-01-20, 2628, 15:09:00, 15:16:00,
B3.1, 2016-12-27, 2621, 08:20:00, 08:46:00,
B3.1, 2016-11-27, 2613, 13:55:00, 14:02:00,
B3.1, 2016-10-28, 2603, 07:13:00, 07:17:00,
B3.1, 2016-09-26, 2597, 07:52:00, 07:55:00,
B3.1, 2016-05-13, 2542, 05:08:00, 05:09:00,
B3.1, 2015-09-03, 2407, 07:00:00, 07:03:00,
B3.0, 2017-04-30, 2653, 00:12:00, 00:57:00,
B3.0, 2017-02-21, 2638, 22:47:00, 22:53:00,
B3.0, 2017-02-21, 2638, 05:14:00, 05:22:00,
B3.0, 2017-02-09, 2635, 09:32:00, 09:37:00,
B3.0, 2017-02-09, 2635, 07:39:00, 07:48:00,
B3.0, 2017-01-25, 2629, 17:55:00, 18:01:00,
B3.0, 2016-12-26, 2621, 18:47:00, 18:52:00,
B3.0, 2016-10-15, 2602, 04:45:00, 04:55:00,
B3.0, 2016-09-07, 2585, 02:28:00, 02:34:00,
B3.0, 2016-08-28, 2583, 20:12:00, 20:17:00,
B3.0, 2016-08-23, 2579, 03:35:00, 03:39:00,
B3.0, 2016-08-11, 2574, 13:24:00, 13:27:00,
B3.0, 2016-08-10, 2574, 09:38:00, 09:41:00,
B3.0, 2016-02-24, 2506, 00:54:00, 01:01:00,
B3.0, 2016-02-24, 2501, 08:08:00, 08:12:00,
B3.0, 2015-09-05, 2410, 02:11:00, 02:15:00,
B3.0, 2015-09-03, 2407, 09:38:00, 09:43:00,
B2.9, 2017-05-26, 2659, 21:18:00, 21:23:00,
B2.9, 2017-05-01, 2652, 12:58:00, 13:03:00,
B2.9, 2017-04-26, 2652, 12:24:00, 12:30:00,
B2.9, 2017-04-06, 2645, 06:47:00, 06:50:00,
B2.9, 2017-03-31, 2644, 19:12:00, 19:19:00,
B2.9, 2017-02-27, 2641, 17:12:00, 17:23:00,
B2.9, 2017-02-21, 2638, 13:58:00, 14:01:00,
B2.9, 2017-02-21, 2638, 06:41:00, 06:45:00,
B2.9, 2016-12-26, 2621, 21:58:00, 22:02:00,
B2.9, 2016-12-06, 2615, 19:07:00, 19:11:00,
B2.9, 2016-12-01, 2612, 16:12:00, 17:11:00,
B2.9, 2016-11-12, 2610, 16:06:00, 16:10:00,
B2.9, 2016-09-07, 2585, 12:11:00, 12:14:00,
B2.9, 2016-08-13, 2574, 19:36:00, 19:41:00,
B2.9, 2016-08-06, 2572, 01:49:00, 02:13:00,
B2.9, 2016-07-25, 2567, 18:46:00, 18:53:00,
B2.9, 2016-02-24, 2501, 06:57:00, 07:02:00,
B2.8, 2017-05-05, 2655, 15:26:00, 15:35:00,
B2.8, 2017-03-28, 2645, 13:18:00, 13:22:00,
B2.8, 2017-03-01, 2641, 07:57:00, 08:00:00,
B2.8, 2016-12-04, 2615, 10:22:00, 10:25:00,
B2.8, 2016-12-04, 2615, 08:21:00, 08:25:00,
B2.8, 2016-12-03, 2615, 17:33:00, 18:01:00,
B2.8, 2016-10-02, 2598, 17:41:00, 17:44:00,
B2.8, 2016-09-29, 2597, 14:31:00, 14:35:00,
B2.8, 2016-09-25, 2593, 03:06:00, 03:31:00,
B2.8, 2016-09-09, 2589, 04:28:00, 04:31:00,
B2.8, 2016-09-08, 2585, 07:32:00, 07:35:00,
B2.8, 2016-08-23, 2580, 08:47:00, 08:51:00,
B2.8, 2016-08-23, 2579, 06:00:00, 06:03:00,
B2.8, 2016-08-22, 2579, 21:48:00, 21:52:00,
B2.8, 2016-08-05, 2572, 04:29:00, 04:34:00,
B2.8, 2016-06-11, 2552, 00:17:00, 00:20:00,
B2.7, 2017-05-29, 2659, 18:55:00, 18:59:00,
B2.7, 2017-04-10, 2650, 04:23:00, 04:36:00,
B2.7, 2017-03-31, 2645, 06:15:00, 06:19:00,
B2.7, 2017-03-30, 2645, 13:00:00, 13:03:00,
B2.7, 2017-02-21, 2638, 11:27:00, 11:31:00,
B2.7, 2017-02-09, 2635, 00:42:00, 00:50:00,
B2.7, 2017-01-20, 2628, 07:51:00, 08:36:00,
B2.7, 2016-12-21, 2620, 14:12:00, 14:19:00,
B2.7, 2016-12-04, 2615, 16:12:00, 16:15:00,
B2.7, 2016-11-23, 2612, 22:28:00, 22:34:00,
B2.7, 2016-09-13, 2585, 04:40:00, 04:44:00,
B2.7, 2015-10-08, 2427, 06:07:00, 06:14:00,
B2.7, 2015-09-14, 2415, 07:42:00, 07:45:00,
B2.6, 2017-04-20, 2651, 10:43:00, 10:49:00,
B2.6, 2017-04-07, 2645, 17:13:00, 17:20:00,
B2.6, 2017-03-30, 2645, 06:58:00, 07:03:00,
B2.6, 2017-03-30, 2644, 17:57:00, 18:01:00,
B2.6, 2017-03-01, 2641, 08:03:00, 08:07:00,
B2.6, 2017-02-27, 2641, 21:36:00, 21:39:00,
B2.6, 2017-01-26, 2629, 16:26:00, 16:33:00,
B2.6, 2017-01-24, 2629, 18:39:00, 18:45:00,
B2.6, 2017-01-20, 2627, 20:57:00, 21:00:00,
B2.6, 2016-09-08, 2585, 03:52:00, 03:56:00,
B2.6, 2016-08-28, 2582, 19:58:00, 20:01:00,
B2.6, 2016-06-11, 2552, 06:32:00, 06:36:00,
B2.6, 2016-02-24, 2506, 03:43:00, 03:48:00,
B2.6, 2015-10-07, 2427, 05:21:00, 05:34:00,
B2.5, 2017-04-19, 2651, 12:31:00, 12:34:00,
B2.5, 2017-03-28, 2645, 13:51:00, 13:55:00,
B2.5, 2017-02-20, 2638, 23:10:00, 23:14:00,
B2.5, 2016-12-15, 2617, 03:24:00, 03:30:00,
B2.5, 2016-12-05, 2615, 17:10:00, 17:15:00,
B2.5, 2016-12-04, 2615, 10:47:00, 10:50:00,
B2.5, 2016-11-25, 2612, 12:17:00, 12:38:00,
B2.5, 2016-09-23, 2595, 00:33:00, 00:42:00,
B2.5, 2016-08-27, 2582, 14:24:00, 14:29:00,
B2.5, 2016-08-13, 2574, 06:09:00, 06:15:00,
B2.5, 2016-06-10, 2552, 22:02:00, 22:05:00,
B2.4, 2017-04-18, 2651, 00:24:00, 00:28:00,
B2.4, 2017-02-23, 2638, 14:18:00, 14:28:00,
B2.4, 2017-01-25, 2629, 03:54:00, 03:58:00,
B2.4, 2017-01-22, 2628, 12:23:00, 12:27:00,
B2.4, 2016-12-02, 2612, 18:17:00, 18:22:00,
B2.4, 2016-11-27, 2611, 08:33:00, 08:37:00,
B2.4, 2016-09-14, 2589, 19:06:00, 19:11:00,
B2.4, 2016-03-28, 2524, 23:41:00, 23:47:00,
B2.3, 2017-02-21, 2638, 11:20:00, 11:23:00,
B2.3, 2017-02-15, 2636, 12:34:00, 12:43:00,
B2.3, 2017-01-27, 2629, 15:35:00, 15:39:00,
B2.3, 2017-01-26, 2629, 05:23:00, 05:28:00,
B2.3, 2016-12-04, 2615, 12:18:00, 12:24:00,
B2.3, 2016-09-15, 2591, 03:15:00, 03:20:00,
B2.3, 2016-09-10, 2585, 13:36:00, 13:39:00,
B2.3, 2016-09-07, 2586, 09:29:00, 09:33:00,
B2.3, 2016-08-05, 2572, 00:53:00, 00:56:00,
B2.2, 2017-05-27, 2659, 08:48:00, 08:51:00,
B2.2, 2017-04-23, 2651, 02:00:00, 02:04:00,
B2.2, 2017-01-26, 2629, 16:48:00, 16:51:00,
B2.2, 2017-01-26, 2629, 03:48:00, 03:52:00,
B2.2, 2017-01-25, 2629, 22:48:00, 22:52:00,
B2.2, 2017-01-25, 2629, 20:09:00, 20:12:00,
B2.2, 2016-12-30, 2621, 12:22:00, 12:29:00,
B2.2, 2016-11-28, 2611, 05:31:00, 05:34:00,
B2.2, 2016-11-23, 2612, 14:54:00, 15:01:00,
B2.2, 2016-11-04, 2605, 12:26:00, 12:47:00,
B2.2, 2016-09-08, 2585, 02:25:00, 02:28:00,
B2.2, 2016-08-23, 2579, 02:19:00, 02:23:00,
B2.2, 2016-06-10, 2553, 09:47:00, 09:52:00,
B2.2, 2015-09-05, 2409, 10:06:00, 10:10:00,
B2.1, 2017-04-22, 2651, 14:52:00, 14:58:00,
B2.1, 2017-04-18, 2651, 05:51:00, 05:54:00,
B2.1, 2017-03-30, 2644, 19:44:00, 19:53:00,
B2.1, 2017-03-28, 2645, 20:48:00, 20:54:00,
B2.1, 2017-03-28, 2645, 15:46:00, 15:51:00,
B2.1, 2017-03-03, 2641, 05:35:00, 05:40:00,
B2.1, 2017-03-01, 2641, 04:07:00, 04:12:00,
B2.1, 2017-01-26, 2629, 04:40:00, 04:43:00,
B2.1, 2016-12-16, 2617, 09:38:00, 09:43:00,
B2.1, 2016-12-03, 2612, 17:03:00, 17:16:00,
B2.1, 2016-09-17, 2592, 07:00:00, 07:03:00,
B2.1, 2016-06-10, 2552, 05:51:00, 05:54:00,
B2.0, 2017-04-21, 2651, 17:05:00, 17:10:00,
B2.0, 2017-04-17, 2651, 23:39:00, 23:44:00,
B2.0, 2017-03-28, 2645, 21:02:00, 21:05:00,
B2.0, 2017-03-26, 2644, 23:00:00, 23:17:00,
B2.0, 2017-01-26, 2629, 12:18:00, 12:21:00,
B2.0, 2016-11-30, 2615, 20:13:00, 20:17:00,
B2.0, 2016-11-27, 2613, 19:13:00, 19:18:00,
B2.0, 2016-10-28, 2603, 08:58:00, 09:05:00,
B2.0, 2016-10-25, 2603, 00:54:00, 01:05:00,
B2.0, 2016-09-25, 2597, 07:13:00, 07:17:00,
B2.0, 2016-09-18, 2592, 19:39:00, 19:48:00,
B2.0, 2016-08-05, 2572, 18:06:00, 18:11:00,
B1.9, 2017-04-30, 2651, 18:27:00, 18:32:00,
B1.9, 2017-03-01, 2641, 04:30:00, 04:33:00,
B1.9, 2017-01-24, 2629, 16:03:00, 16:08:00,
B1.9, 2017-01-16, 2625, 18:12:00, 18:23:00,
B1.9, 2016-11-27, 2611, 23:00:00, 23:04:00,
B1.9, 2016-11-27, 2611, 22:46:00, 22:49:00,
B1.9, 2016-11-19, 2611, 07:10:00, 07:15:00,
B1.9, 2016-09-24, 2597, 06:28:00, 06:32:00,
B1.9, 2016-09-17, 2592, 08:08:00, 08:11:00,
B1.9, 2016-09-14, 2589, 15:40:00, 15:44:00,
B1.9, 2016-02-24, 2501, 05:27:00, 05:30:00,
B1.8, 2017-05-26, 2659, 01:33:00, 01:36:00,
B1.8, 2017-04-09, 2648, 17:21:00, 17:26:00,
B1.8, 2017-03-26, 2644, 15:54:00, 15:58:00,
B1.8, 2017-02-13, 2635, 06:26:00, 06:36:00,
B1.8, 2017-01-04, 2624, 02:34:00, 02:39:00,
B1.8, 2016-11-26, 2612, 04:05:00, 04:09:00,
B1.8, 2016-11-13, 2610, 01:30:00, 01:41:00,
B1.7, 2017-05-05, 2654, 14:23:00, 14:28:00,
B1.7, 2017-04-18, 2651, 02:18:00, 02:22:00,
B1.7, 2017-03-26, 2644, 19:02:00, 19:05:00,
B1.7, 2017-03-04, 2641, 10:12:00, 10:18:00,
B1.7, 2017-03-03, 2641, 06:55:00, 07:32:00,
B1.7, 2017-02-09, 2635, 11:54:00, 12:04:00,
B1.7, 2017-01-20, 2628, 06:47:00, 07:15:00,
B1.7, 2016-12-07, 2615, 11:19:00, 11:23:00,
B1.7, 2016-12-07, 2615, 09:57:00, 10:00:00,
B1.7, 2016-12-06, 2615, 10:08:00, 10:12:00,
B1.7, 2016-12-03, 2615, 23:47:00, 23:50:00,
B1.7, 2016-11-30, 2615, 11:05:00, 11:11:00,
B1.7, 2016-11-10, 2607, 22:44:00, 22:47:00,
B1.7, 2016-10-26, 2603, 05:34:00, 05:40:00,
B1.7, 2016-08-05, 2572, 12:20:00, 12:23:00,
B1.7, 2015-10-08, 2427, 01:23:00, 01:27:00,
B1.7, 2015-10-06, 2427, 08:17:00, 11:14:00,
B1.6, 2017-05-29, 2659, 14:22:00, 14:25:00,
B1.6, 2017-04-19, 2651, 17:53:00, 17:56:00,
B1.6, 2017-04-10, 2650, 21:17:00, 21:22:00,
B1.6, 2017-03-26, 2644, 13:07:00, 13:12:00,
B1.6, 2017-02-17, 2636, 09:27:00, 09:32:00,
B1.6, 2017-02-04, 2632, 12:59:00, 13:12:00,
B1.6, 2016-12-27, 2621, 10:04:00, 10:12:00,
B1.6, 2016-12-07, 2615, 15:52:00, 15:56:00,
B1.6, 2016-12-07, 2615, 03:34:00, 03:45:00,
B1.6, 2016-12-07, 2615, 01:14:00, 01:17:00,
B1.6, 2016-12-06, 2615, 10:37:00, 10:40:00,
B1.6, 2016-10-21, 2602, 16:39:00, 16:42:00,
B1.6, 2016-08-05, 2572, 00:06:00, 00:09:00,
B1.5, 2017-05-22, 2660, 22:01:00, 22:05:00,
B1.5, 2017-05-05, 2655, 08:41:00, 08:45:00,
B1.5, 2017-05-05, 2654, 06:09:00, 06:14:00,
B1.5, 2017-03-06, 2641, 11:58:00, 12:03:00,
B1.5, 2017-02-27, 2640, 04:57:00, 05:00:00,
B1.5, 2017-02-12, 2635, 04:30:00, 04:34:00,
B1.5, 2017-02-09, 2635, 10:32:00, 10:35:00,
B1.5, 2017-02-06, 2634, 16:16:00, 16:22:00,
B1.5, 2016-12-27, 2621, 12:33:00, 12:38:00,
B1.5, 2016-12-09, 2615, 07:21:00, 07:25:00,
B1.5, 2016-11-13, 2610, 17:29:00, 17:32:00,
B1.5, 2016-11-07, 2605, 04:48:00, 05:02:00,
B1.4, 2017-05-21, 2658, 07:37:00, 07:44:00,
B1.4, 2017-05-05, 2655, 03:30:00, 03:38:00,
B1.4, 2017-05-01, 2652, 09:05:00, 09:11:00,
B1.4, 2017-04-11, 2650, 19:38:00, 19:45:00,
B1.4, 2017-01-20, 2628, 06:42:00, 06:43:00,
B1.4, 2016-11-27, 2611, 06:18:00, 06:24:00,
B1.4, 2016-11-23, 2612, 06:18:00, 06:22:00,
B1.4, 2015-10-07, 2427, 06:32:00, 06:36:00,
B1.3, 2017-05-02, 2654, 19:33:00, 19:36:00,
B1.3, 2017-04-28, 2653, 17:09:00, 17:12:00,
B1.3, 2017-04-12, 2650, 00:07:00, 00:11:00,
B1.3, 2017-04-11, 2650, 10:59:00, 11:11:00,
B1.3, 2017-04-11, 2650, 03:45:00, 04:00:00,
B1.3, 2017-04-10, 2650, 09:53:00, 09:58:00,
B1.3, 2017-03-26, 2644, 15:23:00, 15:27:00,
B1.3, 2017-03-26, 2644, 03:20:00, 03:28:00,
B1.3, 2017-02-17, 2636, 09:53:00, 09:56:00,
B1.3, 2017-01-16, 2626, 01:41:00, 01:44:00,
B1.3, 2016-12-11, 2617, 17:10:00, 17:15:00,
B1.3, 2016-10-25, 2603, 08:56:00, 09:00:00,
B1.3, 2016-10-23, 2602, 06:41:00, 06:45:00,
B1.3, 2016-08-22, 2580, 09:35:00, 09:38:00,
B1.2, 2017-05-16, 2657, 18:06:00, 18:09:00,
B1.2, 2017-03-01, 2641, 07:39:00, 07:43:00,
B1.2, 2017-02-04, 2631, 05:57:00, 06:00:00,
B1.2, 2016-12-11, 2617, 19:16:00, 19:25:00,
B1.2, 2016-11-21, 2610, 00:24:00, 00:27:00,
B1.2, 2016-11-14, 2610, 23:37:00, 23:41:00,
B1.2, 2016-10-26, 2603, 05:24:00, 05:30:00,
B1.2, 2016-10-21, 2603, 09:46:00, 09:49:00,
B1.1, 2017-04-10, 2650, 08:36:00, 08:39:00,
B1.1, 2017-03-04, 2641, 05:33:00, 05:38:00,
B1.1, 2017-02-09, 2635, 10:56:00, 10:59:00,
B1.1, 2017-02-08, 2635, 23:08:00, 23:11:00,
B1.1, 2016-12-16, 2617, 04:26:00, 04:29:00,
B1.1, 2016-11-19, 2611, 22:46:00, 22:50:00,
B1.1, 2016-08-05, 2572, 08:16:00, 08:19:00,
B1.0, 2017-05-06, 2654, 18:27:00, 18:31:00,
B1.0, 2017-04-11, 2650, 18:46:00, 18:50:00,
B1.0, 2017-03-26, 2644, 10:29:00, 10:32:00,
B1.0, 2017-02-15, 2636, 20:48:00, 20:51:00,
B1.0, 2017-01-20, 2628, 06:33:00, 06:36:00,
B1.0, 2016-12-30, 2619, 01:30:00, 01:33:00,
